Provinsi,Tanggal,Running Sum of divaksin2 (ribu)
Aceh,1/15/2021,0
Aceh,1/17/2021,0
Aceh,1/18/2021,0
Aceh,1/19/2021,0
Aceh,1/20/2021,0
Aceh,1/21/2021,0
Aceh,1/22/2021,0
Aceh,1/23/2021,0
Aceh,1/24/2021,0
Aceh,1/25/2021,0
Aceh,1/26/2021,0
Aceh,1/27/2021,0
Aceh,1/28/2021,0
Aceh,1/29/2021,0.03
Aceh,1/30/2021,0.032
Aceh,1/31/2021,0.033
Aceh,2/1/2021,0.033
Aceh,2/2/2021,0.052
Aceh,2/3/2021,0.084
Aceh,2/4/2021,0.112
Aceh,2/5/2021,0.172
Aceh,2/6/2021,0.183
Aceh,2/7/2021,0.183
Aceh,2/8/2021,0.243
Aceh,2/9/2021,0.295
Aceh,2/10/2021,0.387
Aceh,2/11/2021,0.456
Aceh,2/12/2021,0.463
Aceh,2/13/2021,0.475
Aceh,2/14/2021,0.475
Aceh,2/15/2021,0.555
Aceh,2/16/2021,0.618
Aceh,2/17/2021,0.671
Aceh,2/18/2021,0.73
Aceh,2/19/2021,0.792
Aceh,2/20/2021,0.89
Aceh,2/21/2021,0.98
Aceh,2/22/2021,1.468
Aceh,2/23/2021,2.003
Aceh,2/24/2021,4.123
Aceh,2/25/2021,9.117
Aceh,2/26/2021,14.045
Aceh,2/27/2021,16.547
Aceh,2/28/2021,17.14
Aceh,3/1/2021,24.331
Aceh,3/2/2021,27.995
Aceh,3/3/2021,30.757
Aceh,3/4/2021,32.437
Aceh,3/5/2021,33.908
Aceh,3/6/2021,34.234
Aceh,3/7/2021,34.363
Aceh,3/8/2021,36.234
Aceh,3/9/2021,37.679
Aceh,3/10/2021,38.566
Aceh,3/11/2021,38.767
Aceh,3/12/2021,39.474
Aceh,3/13/2021,39.568
Aceh,3/14/2021,39.574
Aceh,3/15/2021,40.522
Aceh,3/16/2021,41.431
Aceh,3/17/2021,42.165
Aceh,3/18/2021,43.011
Aceh,3/19/2021,43.447
Aceh,3/20/2021,43.512
Aceh,3/21/2021,43.514
Aceh,3/22/2021,44.622
Aceh,3/23/2021,46.14
Aceh,3/24/2021,47.741
Aceh,3/25/2021,48.822
Aceh,3/26/2021,50.501
Aceh,3/27/2021,50.562
Aceh,3/28/2021,50.57
Aceh,3/29/2021,52.066
Aceh,3/30/2021,53.937
Aceh,3/31/2021,55.48
Aceh,4/1/2021,56.724
Aceh,4/2/2021,56.804
Aceh,4/3/2021,56.862
Aceh,4/4/2021,56.878
Aceh,4/5/2021,59.057
Aceh,4/6/2021,61.022
Aceh,4/7/2021,63.152
Aceh,4/8/2021,65.691
Aceh,4/9/2021,67.904
Aceh,4/10/2021,68.515
Aceh,4/11/2021,68.652
Aceh,4/12/2021,70.658
Aceh,4/13/2021,71.493
Aceh,4/14/2021,72.806
Aceh,4/15/2021,74.271
Aceh,4/16/2021,75.445
Aceh,4/17/2021,75.693
Aceh,4/18/2021,75.701
Aceh,4/19/2021,76.809
Aceh,4/20/2021,79.068
Aceh,4/21/2021,80.89
Aceh,4/22/2021,82.956
Aceh,4/23/2021,84.199
Aceh,4/24/2021,84.374
Aceh,4/25/2021,84.376
Bali,1/13/2021,0
Bali,1/14/2021,0.002
Bali,1/15/2021,0.003
Bali,1/16/2021,0.003
Bali,1/17/2021,0.003
Bali,1/18/2021,0.005
Bali,1/19/2021,0.005
Bali,1/20/2021,0.005
Bali,1/21/2021,0.005
Bali,1/22/2021,0.005
Bali,1/23/2021,0.01
Bali,1/24/2021,0.015
Bali,1/25/2021,0.018
Bali,1/26/2021,0.02
Bali,1/27/2021,0.025
Bali,1/28/2021,0.332
Bali,1/29/2021,0.716
Bali,1/30/2021,0.896
Bali,1/31/2021,0.934
Bali,2/1/2021,1.329
Bali,2/2/2021,1.861
Bali,2/3/2021,2.086
Bali,2/4/2021,2.949
Bali,2/5/2021,4.059
Bali,2/6/2021,4.777
Bali,2/7/2021,4.983
Bali,2/8/2021,6.014
Bali,2/9/2021,7.359
Bali,2/10/2021,9.89
Bali,2/11/2021,13.075
Bali,2/12/2021,13.931
Bali,2/13/2021,16.164
Bali,2/14/2021,16.306
Bali,2/15/2021,19.808
Bali,2/16/2021,22.876
Bali,2/17/2021,23.612
Bali,2/18/2021,25.81
Bali,2/19/2021,27.407
Bali,2/20/2021,28.428
Bali,2/21/2021,28.543
Bali,2/22/2021,29.07
Bali,2/23/2021,30.012
Bali,2/24/2021,31.086
Bali,2/25/2021,31.96
Bali,2/26/2021,32.448
Bali,2/27/2021,32.745
Bali,2/28/2021,32.801
Bali,3/1/2021,33.316
Bali,3/2/2021,33.626
Bali,3/3/2021,33.991
Bali,3/4/2021,34.279
Bali,3/5/2021,34.531
Bali,3/6/2021,34.697
Bali,3/7/2021,34.707
Bali,3/8/2021,34.871
Bali,3/9/2021,35.126
Bali,3/10/2021,35.54
Bali,3/11/2021,35.574
Bali,3/12/2021,36.614
Bali,3/13/2021,36.68
Bali,3/14/2021,36.696
Bali,3/15/2021,36.741
Bali,3/16/2021,40.473
Bali,3/17/2021,46.505
Bali,3/18/2021,54.265
Bali,3/19/2021,61.47
Bali,3/20/2021,65.604
Bali,3/21/2021,65.953
Bali,3/22/2021,72.178
Bali,3/23/2021,78.558
Bali,3/24/2021,86.245
Bali,3/25/2021,88.386
Bali,3/26/2021,94.414
Bali,3/27/2021,95.411
Bali,3/28/2021,95.421
Bali,3/29/2021,96.646
Bali,3/30/2021,106.17
Bali,3/31/2021,112.512
Bali,4/1/2021,117.131
Bali,4/2/2021,117.365
Bali,4/3/2021,121.77
Bali,4/4/2021,121.911
Bali,4/5/2021,127.084
Bali,4/6/2021,132.792
Bali,4/7/2021,138.841
Bali,4/8/2021,141.163
Bali,4/9/2021,145.031
Bali,4/10/2021,147.129
Bali,4/11/2021,147.301
Bali,4/12/2021,149.125
Bali,4/13/2021,149.474
Bali,4/14/2021,149.514
Bali,4/15/2021,149.891
Bali,4/16/2021,160.173
Bali,4/17/2021,166.689
Bali,4/18/2021,168.503
Bali,4/19/2021,178.557
Bali,4/20/2021,191.253
Bali,4/21/2021,203.113
Bali,4/22/2021,217.223
Bali,4/23/2021,218.208
Bali,4/24/2021,218.222
Bali,4/25/2021,218.505
Bangka Belitung,1/13/2021,0
Bangka Belitung,1/14/2021,0
Bangka Belitung,1/15/2021,0
Bangka Belitung,1/16/2021,0
Bangka Belitung,1/17/2021,0
Bangka Belitung,1/18/2021,0
Bangka Belitung,1/19/2021,0
Bangka Belitung,1/20/2021,0
Bangka Belitung,1/21/2021,0
Bangka Belitung,1/22/2021,0
Bangka Belitung,1/23/2021,0
Bangka Belitung,1/24/2021,0
Bangka Belitung,1/25/2021,0
Bangka Belitung,1/26/2021,0
Bangka Belitung,1/27/2021,0
Bangka Belitung,1/28/2021,0.008
Bangka Belitung,1/29/2021,0.122
Bangka Belitung,1/30/2021,0.198
Bangka Belitung,1/31/2021,0.198
Bangka Belitung,2/1/2021,0.471
Bangka Belitung,2/2/2021,0.735
Bangka Belitung,2/3/2021,1.009
Bangka Belitung,2/4/2021,1.488
Bangka Belitung,2/5/2021,1.825
Bangka Belitung,2/6/2021,2.446
Bangka Belitung,2/7/2021,2.458
Bangka Belitung,2/8/2021,2.832
Bangka Belitung,2/9/2021,3.088
Bangka Belitung,2/10/2021,3.291
Bangka Belitung,2/11/2021,3.844
Bangka Belitung,2/12/2021,3.952
Bangka Belitung,2/13/2021,4.637
Bangka Belitung,2/14/2021,4.652
Bangka Belitung,2/15/2021,5.497
Bangka Belitung,2/16/2021,6.31
Bangka Belitung,2/17/2021,7.006
Bangka Belitung,2/18/2021,7.395
Bangka Belitung,2/19/2021,7.639
Bangka Belitung,2/20/2021,7.762
Bangka Belitung,2/22/2021,7.938
Bangka Belitung,2/23/2021,8.173
Bangka Belitung,2/24/2021,8.322
Bangka Belitung,2/25/2021,8.444
Bangka Belitung,2/26/2021,8.467
Bangka Belitung,2/27/2021,8.569
Bangka Belitung,2/28/2021,8.569
Bangka Belitung,3/1/2021,8.732
Bangka Belitung,3/2/2021,8.864
Bangka Belitung,3/3/2021,8.975
Bangka Belitung,3/4/2021,9.052
Bangka Belitung,3/5/2021,9.168
Bangka Belitung,3/6/2021,9.229
Bangka Belitung,3/7/2021,9.23
Bangka Belitung,3/8/2021,9.297
Bangka Belitung,3/9/2021,9.362
Bangka Belitung,3/10/2021,9.422
Bangka Belitung,3/11/2021,9.429
Bangka Belitung,3/12/2021,9.489
Bangka Belitung,3/13/2021,9.541
Bangka Belitung,3/15/2021,9.968
Bangka Belitung,3/16/2021,10.661
Bangka Belitung,3/17/2021,12.166
Bangka Belitung,3/18/2021,14.217
Bangka Belitung,3/19/2021,15.612
Bangka Belitung,3/20/2021,15.921
Bangka Belitung,3/21/2021,15.921
Bangka Belitung,3/22/2021,17.22
Bangka Belitung,3/23/2021,18.613
Bangka Belitung,3/24/2021,19.429
Bangka Belitung,3/25/2021,19.557
Bangka Belitung,3/26/2021,20.204
Bangka Belitung,3/27/2021,20.699
Bangka Belitung,3/29/2021,21.731
Bangka Belitung,3/30/2021,22.804
Bangka Belitung,3/31/2021,23.507
Bangka Belitung,4/1/2021,24.158
Bangka Belitung,4/2/2021,24.208
Bangka Belitung,4/3/2021,24.839
Bangka Belitung,4/4/2021,24.84
Bangka Belitung,4/5/2021,26.018
Bangka Belitung,4/6/2021,27.33
Bangka Belitung,4/7/2021,28.083
Bangka Belitung,4/8/2021,28.687
Bangka Belitung,4/9/2021,29.148
Bangka Belitung,4/10/2021,29.795
Bangka Belitung,4/12/2021,31.194
Bangka Belitung,4/13/2021,31.767
Bangka Belitung,4/14/2021,32.373
Bangka Belitung,4/15/2021,32.852
Bangka Belitung,4/16/2021,33.29
Bangka Belitung,4/17/2021,33.682
Bangka Belitung,4/19/2021,34.856
Bangka Belitung,4/20/2021,36.26
Bangka Belitung,4/21/2021,37.173
Bangka Belitung,4/22/2021,37.797
Bangka Belitung,4/23/2021,38.373
Bangka Belitung,4/24/2021,38.634
Banten,1/13/2021,0
Banten,1/14/2021,0
Banten,1/15/2021,0
Banten,1/16/2021,0
Banten,1/17/2021,0
Banten,1/18/2021,0
Banten,1/19/2021,0
Banten,1/20/2021,0.001
Banten,1/21/2021,0.004
Banten,1/22/2021,0.005
Banten,1/23/2021,0.006
Banten,1/24/2021,0.006
Banten,1/25/2021,0.006
Banten,1/26/2021,0.008
Banten,1/27/2021,0.009
Banten,1/28/2021,0.039
Banten,1/29/2021,0.276
Banten,1/30/2021,0.506
Banten,1/31/2021,0.511
Banten,2/1/2021,0.975
Banten,2/2/2021,1.449
Banten,2/3/2021,2.089
Banten,2/4/2021,2.738
Banten,2/5/2021,3.103
Banten,2/6/2021,3.407
Banten,2/7/2021,3.439
Banten,2/8/2021,5.758
Banten,2/9/2021,8.79
Banten,2/10/2021,12.03
Banten,2/11/2021,15.685
Banten,2/12/2021,16.315
Banten,2/13/2021,18.776
Banten,2/14/2021,18.832
Banten,2/15/2021,22.43
Banten,2/16/2021,24.739
Banten,2/17/2021,26.396
Banten,2/18/2021,27.85
Banten,2/19/2021,29.008
Banten,2/20/2021,29.643
Banten,2/21/2021,29.66
Banten,2/22/2021,30.468
Banten,2/23/2021,31.438
Banten,2/24/2021,33.389
Banten,2/25/2021,33.936
Banten,2/26/2021,34.122
Banten,2/27/2021,34.334
Banten,2/28/2021,34.348
Banten,3/1/2021,34.691
Banten,3/2/2021,35.009
Banten,3/3/2021,35.186
Banten,3/4/2021,35.398
Banten,3/5/2021,35.573
Banten,3/6/2021,35.622
Banten,3/7/2021,35.627
Banten,3/8/2021,35.795
Banten,3/9/2021,36.062
Banten,3/10/2021,37.527
Banten,3/11/2021,39.362
Banten,3/12/2021,47.669
Banten,3/13/2021,52.377
Banten,3/14/2021,52.39
Banten,3/15/2021,58.757
Banten,3/16/2021,70.396
Banten,3/17/2021,79.962
Banten,3/18/2021,90.714
Banten,3/19/2021,103.689
Banten,3/20/2021,106.888
Banten,3/21/2021,106.902
Banten,3/22/2021,113.704
Banten,3/23/2021,121.097
Banten,3/24/2021,129.587
Banten,3/25/2021,131.484
Banten,3/26/2021,133.912
Banten,3/27/2021,134.661
Banten,3/28/2021,134.799
Banten,3/29/2021,139.974
Banten,3/30/2021,146.17
Banten,3/31/2021,155.624
Banten,4/1/2021,160.528
Banten,4/2/2021,160.804
Banten,4/3/2021,163.336
Banten,4/4/2021,163.564
Banten,4/5/2021,168.301
Banten,4/6/2021,172.176
Banten,4/7/2021,179.757
Banten,4/8/2021,185.073
Banten,4/9/2021,192.754
Banten,4/10/2021,203.539
Banten,4/11/2021,208.043
Banten,4/12/2021,219.287
Banten,4/13/2021,224.761
Banten,4/14/2021,230.283
Banten,4/15/2021,234.359
Banten,4/16/2021,237.606
Banten,4/17/2021,240.102
Banten,4/18/2021,240.599
Banten,4/19/2021,246.9
Banten,4/20/2021,252.539
Banten,4/21/2021,258.479
Banten,4/22/2021,266.277
Banten,4/23/2021,272.915
Banten,4/24/2021,277.385
Banten,4/25/2021,278.015
Bengkulu,1/14/2021,0
Bengkulu,1/15/2021,0
Bengkulu,1/16/2021,0
Bengkulu,1/17/2021,0
Bengkulu,1/18/2021,0
Bengkulu,1/19/2021,0
Bengkulu,1/20/2021,0
Bengkulu,1/21/2021,0.001
Bengkulu,1/22/2021,0.001
Bengkulu,1/23/2021,0.001
Bengkulu,1/24/2021,0.001
Bengkulu,1/25/2021,0.001
Bengkulu,1/26/2021,0.001
Bengkulu,1/27/2021,0.002
Bengkulu,1/28/2021,0.034
Bengkulu,1/29/2021,0.079
Bengkulu,1/30/2021,0.083
Bengkulu,2/1/2021,0.235
Bengkulu,2/2/2021,0.417
Bengkulu,2/3/2021,0.651
Bengkulu,2/4/2021,0.927
Bengkulu,2/5/2021,1.016
Bengkulu,2/6/2021,1.017
Bengkulu,2/7/2021,1.021
Bengkulu,2/8/2021,1.363
Bengkulu,2/9/2021,1.679
Bengkulu,2/10/2021,1.945
Bengkulu,2/11/2021,2.304
Bengkulu,2/12/2021,2.332
Bengkulu,2/13/2021,2.356
Bengkulu,2/14/2021,2.38
Bengkulu,2/15/2021,2.966
Bengkulu,2/16/2021,3.398
Bengkulu,2/17/2021,4.185
Bengkulu,2/18/2021,5.281
Bengkulu,2/19/2021,6.189
Bengkulu,2/20/2021,6.934
Bengkulu,2/21/2021,6.938
Bengkulu,2/22/2021,7.463
Bengkulu,2/23/2021,7.746
Bengkulu,2/24/2021,8.063
Bengkulu,2/25/2021,8.556
Bengkulu,2/26/2021,8.59
Bengkulu,2/27/2021,8.625
Bengkulu,2/28/2021,8.626
Bengkulu,3/1/2021,8.912
Bengkulu,3/2/2021,9.052
Bengkulu,3/3/2021,9.337
Bengkulu,3/4/2021,9.694
Bengkulu,3/5/2021,9.907
Bengkulu,3/6/2021,10.046
Bengkulu,3/7/2021,10.048
Bengkulu,3/8/2021,10.505
Bengkulu,3/9/2021,10.785
Bengkulu,3/10/2021,11.076
Bengkulu,3/11/2021,11.176
Bengkulu,3/12/2021,11.309
Bengkulu,3/13/2021,11.394
Bengkulu,3/15/2021,11.654
Bengkulu,3/16/2021,11.917
Bengkulu,3/17/2021,12.179
Bengkulu,3/18/2021,12.637
Bengkulu,3/19/2021,13.364
Bengkulu,3/20/2021,13.561
Bengkulu,3/21/2021,13.562
Bengkulu,3/22/2021,13.957
Bengkulu,3/23/2021,15.054
Bengkulu,3/24/2021,16.309
Bengkulu,3/25/2021,17.557
Bengkulu,3/26/2021,18.132
Bengkulu,3/27/2021,18.256
Bengkulu,3/29/2021,18.707
Bengkulu,3/30/2021,19.385
Bengkulu,3/31/2021,20.081
Bengkulu,4/1/2021,20.405
Bengkulu,4/2/2021,20.408
Bengkulu,4/3/2021,20.448
Bengkulu,4/4/2021,20.45
Bengkulu,4/5/2021,21.387
Bengkulu,4/6/2021,21.856
Bengkulu,4/7/2021,22.492
Bengkulu,4/8/2021,23.124
Bengkulu,4/9/2021,23.484
Bengkulu,4/10/2021,23.619
Bengkulu,4/12/2021,24.263
Bengkulu,4/13/2021,24.781
Bengkulu,4/14/2021,25.245
Bengkulu,4/15/2021,25.7
Bengkulu,4/16/2021,25.896
Bengkulu,4/17/2021,25.965
Bengkulu,4/18/2021,25.966
Bengkulu,4/19/2021,26.914
Bengkulu,4/20/2021,27.665
Bengkulu,4/21/2021,28.304
Bengkulu,4/22/2021,28.993
Bengkulu,4/23/2021,29.347
Bengkulu,4/24/2021,29.596
Bengkulu,4/25/2021,29.6
Gorontalo,1/13/2021,0
Gorontalo,1/15/2021,0
Gorontalo,1/16/2021,0
Gorontalo,1/17/2021,0
Gorontalo,1/18/2021,0
Gorontalo,1/19/2021,0
Gorontalo,1/20/2021,0
Gorontalo,1/21/2021,0
Gorontalo,1/22/2021,0
Gorontalo,1/23/2021,0.001
Gorontalo,1/24/2021,0.001
Gorontalo,1/25/2021,0.001
Gorontalo,1/26/2021,0.001
Gorontalo,1/27/2021,0.001
Gorontalo,1/28/2021,0.001
Gorontalo,1/29/2021,0.049
Gorontalo,1/30/2021,0.05
Gorontalo,1/31/2021,0.05
Gorontalo,2/1/2021,0.063
Gorontalo,2/2/2021,0.235
Gorontalo,2/3/2021,0.41
Gorontalo,2/4/2021,0.66
Gorontalo,2/5/2021,0.862
Gorontalo,2/6/2021,0.991
Gorontalo,2/7/2021,0.992
Gorontalo,2/8/2021,1.1
Gorontalo,2/9/2021,1.279
Gorontalo,2/10/2021,1.386
Gorontalo,2/11/2021,1.639
Gorontalo,2/12/2021,1.655
Gorontalo,2/13/2021,1.688
Gorontalo,2/14/2021,1.704
Gorontalo,2/15/2021,1.872
Gorontalo,2/16/2021,1.988
Gorontalo,2/17/2021,2.126
Gorontalo,2/18/2021,2.732
Gorontalo,2/19/2021,3.346
Gorontalo,2/20/2021,3.547
Gorontalo,2/22/2021,4.054
Gorontalo,2/23/2021,4.324
Gorontalo,2/24/2021,4.535
Gorontalo,2/25/2021,4.668
Gorontalo,2/26/2021,4.719
Gorontalo,2/27/2021,4.733
Gorontalo,2/28/2021,4.733
Gorontalo,3/1/2021,4.878
Gorontalo,3/2/2021,5.033
Gorontalo,3/3/2021,5.17
Gorontalo,3/4/2021,5.384
Gorontalo,3/5/2021,5.587
Gorontalo,3/6/2021,5.644
Gorontalo,3/7/2021,5.65
Gorontalo,3/8/2021,5.894
Gorontalo,3/9/2021,6.108
Gorontalo,3/10/2021,6.24
Gorontalo,3/11/2021,6.245
Gorontalo,3/12/2021,6.33
Gorontalo,3/13/2021,6.35
Gorontalo,3/14/2021,6.352
Gorontalo,3/15/2021,6.642
Gorontalo,3/16/2021,6.983
Gorontalo,3/17/2021,7.509
Gorontalo,3/18/2021,8.294
Gorontalo,3/19/2021,9.617
Gorontalo,3/20/2021,10.165
Gorontalo,3/21/2021,10.169
Gorontalo,3/22/2021,11.623
Gorontalo,3/23/2021,13.544
Gorontalo,3/24/2021,14.391
Gorontalo,3/25/2021,14.589
Gorontalo,3/26/2021,15.292
Gorontalo,3/27/2021,15.42
Gorontalo,3/29/2021,15.874
Gorontalo,3/30/2021,16.701
Gorontalo,3/31/2021,17.583
Gorontalo,4/1/2021,18.492
Gorontalo,4/2/2021,18.539
Gorontalo,4/3/2021,19.022
Gorontalo,4/5/2021,20.077
Gorontalo,4/6/2021,21.045
Gorontalo,4/7/2021,21.961
Gorontalo,4/8/2021,22.847
Gorontalo,4/9/2021,23.866
Gorontalo,4/10/2021,24.507
Gorontalo,4/12/2021,25.983
Gorontalo,4/13/2021,26.097
Gorontalo,4/14/2021,26.283
Gorontalo,4/15/2021,26.657
Gorontalo,4/16/2021,26.797
Gorontalo,4/17/2021,26.822
Gorontalo,4/19/2021,27.974
Gorontalo,4/20/2021,28.821
Gorontalo,4/21/2021,29.65
Gorontalo,4/22/2021,30.931
Gorontalo,4/23/2021,31.818
Gorontalo,4/24/2021,32.008
Jakarta Raya,1/13/2021,0
Jakarta Raya,1/14/2021,0
Jakarta Raya,1/15/2021,0.002
Jakarta Raya,1/16/2021,0.002
Jakarta Raya,1/17/2021,0.002
Jakarta Raya,1/18/2021,0.005
Jakarta Raya,1/19/2021,0.055
Jakarta Raya,1/20/2021,0.056
Jakarta Raya,1/21/2021,0.058
Jakarta Raya,1/22/2021,0.058
Jakarta Raya,1/23/2021,0.058
Jakarta Raya,1/24/2021,0.058
Jakarta Raya,1/25/2021,0.059
Jakarta Raya,1/26/2021,0.059
Jakarta Raya,1/27/2021,0.117
Jakarta Raya,1/28/2021,2.53
Jakarta Raya,1/29/2021,6.462
Jakarta Raya,1/30/2021,7.143
Jakarta Raya,1/31/2021,7.2
Jakarta Raya,2/1/2021,11.204
Jakarta Raya,2/2/2021,14.649
Jakarta Raya,2/3/2021,18.385
Jakarta Raya,2/4/2021,24.097
Jakarta Raya,2/5/2021,30.457
Jakarta Raya,2/6/2021,32.018
Jakarta Raya,2/7/2021,32.075
Jakarta Raya,2/8/2021,36.564
Jakarta Raya,2/9/2021,40.702
Jakarta Raya,2/10/2021,44.975
Jakarta Raya,2/11/2021,49.884
Jakarta Raya,2/12/2021,50.114
Jakarta Raya,2/13/2021,51.488
Jakarta Raya,2/14/2021,51.905
Jakarta Raya,2/15/2021,57.654
Jakarta Raya,2/16/2021,61.837
Jakarta Raya,2/17/2021,65.238
Jakarta Raya,2/18/2021,70.575
Jakarta Raya,2/19/2021,74.564
Jakarta Raya,2/20/2021,75.174
Jakarta Raya,2/21/2021,76.391
Jakarta Raya,2/22/2021,81.011
Jakarta Raya,2/23/2021,84.056
Jakarta Raya,2/24/2021,86.745
Jakarta Raya,2/25/2021,89.402
Jakarta Raya,2/26/2021,90.177
Jakarta Raya,2/27/2021,90.339
Jakarta Raya,2/28/2021,90.386
Jakarta Raya,3/1/2021,91.406
Jakarta Raya,3/2/2021,92.303
Jakarta Raya,3/3/2021,93.875
Jakarta Raya,3/4/2021,95.386
Jakarta Raya,3/5/2021,97.358
Jakarta Raya,3/6/2021,98.363
Jakarta Raya,3/7/2021,98.386
Jakarta Raya,3/8/2021,102.49
Jakarta Raya,3/9/2021,107.803
Jakarta Raya,3/10/2021,114.144
Jakarta Raya,3/11/2021,114.316
Jakarta Raya,3/12/2021,118.729
Jakarta Raya,3/13/2021,119.013
Jakarta Raya,3/14/2021,119.06
Jakarta Raya,3/15/2021,128.693
Jakarta Raya,3/16/2021,143.981
Jakarta Raya,3/17/2021,164.73
Jakarta Raya,3/18/2021,185.406
Jakarta Raya,3/19/2021,204.485
Jakarta Raya,3/20/2021,208.519
Jakarta Raya,3/21/2021,209.522
Jakarta Raya,3/22/2021,234.921
Jakarta Raya,3/23/2021,265.089
Jakarta Raya,3/24/2021,300.403
Jakarta Raya,3/25/2021,317.428
Jakarta Raya,3/26/2021,349.566
Jakarta Raya,3/27/2021,357.576
Jakarta Raya,3/28/2021,359.559
Jakarta Raya,3/29/2021,393.956
Jakarta Raya,3/30/2021,431.483
Jakarta Raya,3/31/2021,465.719
Jakarta Raya,4/1/2021,493.049
Jakarta Raya,4/2/2021,494.284
Jakarta Raya,4/3/2021,500.364
Jakarta Raya,4/4/2021,504.2
Jakarta Raya,4/5/2021,549.118
Jakarta Raya,4/6/2021,587.681
Jakarta Raya,4/7/2021,628.829
Jakarta Raya,4/8/2021,650.892
Jakarta Raya,4/9/2021,683.821
Jakarta Raya,4/10/2021,694.296
Jakarta Raya,4/11/2021,704.15
Jakarta Raya,4/12/2021,736.037
Jakarta Raya,4/13/2021,756.188
Jakarta Raya,4/14/2021,790.627
Jakarta Raya,4/15/2021,821.11
Jakarta Raya,4/16/2021,847.667
Jakarta Raya,4/17/2021,855.929
Jakarta Raya,4/18/2021,864.142
Jakarta Raya,4/19/2021,901.422
Jakarta Raya,4/20/2021,935.368
Jakarta Raya,4/21/2021,968.359
Jakarta Raya,4/22/2021,"1,003.018"
Jakarta Raya,4/23/2021,"1,035.635"
Jakarta Raya,4/24/2021,"1,053.545"
Jakarta Raya,4/25/2021,"1,065.908"
Jambi,1/13/2021,0
Jambi,1/14/2021,0
Jambi,1/15/2021,0
Jambi,1/16/2021,0
Jambi,1/17/2021,0
Jambi,1/18/2021,0
Jambi,1/19/2021,0
Jambi,1/20/2021,0
Jambi,1/21/2021,0
Jambi,1/22/2021,0
Jambi,1/23/2021,0
Jambi,1/24/2021,0
Jambi,1/25/2021,0
Jambi,1/26/2021,0
Jambi,1/27/2021,0
Jambi,1/28/2021,0.266
Jambi,1/29/2021,0.445
Jambi,1/30/2021,0.637
Jambi,1/31/2021,0.663
Jambi,2/1/2021,1.083
Jambi,2/2/2021,1.493
Jambi,2/3/2021,1.898
Jambi,2/4/2021,2.302
Jambi,2/5/2021,2.559
Jambi,2/6/2021,2.744
Jambi,2/7/2021,2.744
Jambi,2/8/2021,2.96
Jambi,2/9/2021,3.177
Jambi,2/10/2021,3.42
Jambi,2/11/2021,3.976
Jambi,2/12/2021,4.092
Jambi,2/13/2021,4.52
Jambi,2/14/2021,4.522
Jambi,2/15/2021,4.93
Jambi,2/16/2021,5.621
Jambi,2/17/2021,6.518
Jambi,2/18/2021,7.901
Jambi,2/19/2021,9.165
Jambi,2/20/2021,10.322
Jambi,2/21/2021,10.324
Jambi,2/22/2021,11.376
Jambi,2/23/2021,12.406
Jambi,2/24/2021,13.353
Jambi,2/25/2021,14.099
Jambi,2/26/2021,14.177
Jambi,2/27/2021,14.478
Jambi,2/28/2021,14.479
Jambi,3/1/2021,15.031
Jambi,3/2/2021,15.354
Jambi,3/3/2021,15.825
Jambi,3/4/2021,16.514
Jambi,3/5/2021,16.843
Jambi,3/6/2021,17.265
Jambi,3/7/2021,17.276
Jambi,3/8/2021,17.703
Jambi,3/9/2021,18.121
Jambi,3/10/2021,18.496
Jambi,3/11/2021,18.507
Jambi,3/12/2021,18.801
Jambi,3/13/2021,19.029
Jambi,3/14/2021,19.03
Jambi,3/15/2021,19.322
Jambi,3/16/2021,19.624
Jambi,3/17/2021,20.018
Jambi,3/18/2021,20.428
Jambi,3/19/2021,20.905
Jambi,3/20/2021,21.459
Jambi,3/21/2021,21.471
Jambi,3/22/2021,22.384
Jambi,3/23/2021,23.976
Jambi,3/24/2021,25.767
Jambi,3/25/2021,26.952
Jambi,3/26/2021,27.606
Jambi,3/27/2021,27.927
Jambi,3/28/2021,27.932
Jambi,3/29/2021,29.38
Jambi,3/30/2021,30.859
Jambi,3/31/2021,32.212
Jambi,4/1/2021,33.867
Jambi,4/2/2021,33.942
Jambi,4/3/2021,34.79
Jambi,4/4/2021,34.814
Jambi,4/5/2021,36.989
Jambi,4/6/2021,39.158
Jambi,4/7/2021,41.093
Jambi,4/8/2021,42.412
Jambi,4/9/2021,43.448
Jambi,4/10/2021,44.449
Jambi,4/11/2021,44.451
Jambi,4/12/2021,46.229
Jambi,4/13/2021,47.728
Jambi,4/14/2021,49.356
Jambi,4/15/2021,51.245
Jambi,4/16/2021,51.674
Jambi,4/17/2021,52.826
Jambi,4/18/2021,52.883
Jambi,4/19/2021,54.673
Jambi,4/20/2021,56.613
Jambi,4/21/2021,58.754
Jambi,4/22/2021,60.415
Jambi,4/23/2021,62.055
Jambi,4/24/2021,63.452
Jambi,4/25/2021,63.453
Jawa Barat,1/13/2021,0
Jawa Barat,1/14/2021,0
Jawa Barat,1/15/2021,0
Jawa Barat,1/16/2021,0.001
Jawa Barat,1/17/2021,0.001
Jawa Barat,1/18/2021,0.001
Jawa Barat,1/19/2021,0.001
Jawa Barat,1/20/2021,0.022
Jawa Barat,1/21/2021,0.034
Jawa Barat,1/22/2021,0.037
Jawa Barat,1/23/2021,0.037
Jawa Barat,1/24/2021,0.037
Jawa Barat,1/25/2021,0.037
Jawa Barat,1/26/2021,0.043
Jawa Barat,1/27/2021,0.048
Jawa Barat,1/28/2021,1.616
Jawa Barat,1/29/2021,3.448
Jawa Barat,1/30/2021,4.463
Jawa Barat,1/31/2021,4.469
Jawa Barat,2/1/2021,6.864
Jawa Barat,2/2/2021,9.566
Jawa Barat,2/3/2021,12.896
Jawa Barat,2/4/2021,17.13
Jawa Barat,2/5/2021,19.885
Jawa Barat,2/6/2021,21.068
Jawa Barat,2/7/2021,21.068
Jawa Barat,2/8/2021,23.837
Jawa Barat,2/9/2021,28.139
Jawa Barat,2/10/2021,32.344
Jawa Barat,2/11/2021,38.15
Jawa Barat,2/12/2021,39.856
Jawa Barat,2/13/2021,45.785
Jawa Barat,2/14/2021,45.906
Jawa Barat,2/15/2021,60.06
Jawa Barat,2/16/2021,71.875
Jawa Barat,2/17/2021,82.503
Jawa Barat,2/18/2021,94.996
Jawa Barat,2/19/2021,101.757
Jawa Barat,2/20/2021,105.71
Jawa Barat,2/21/2021,105.776
Jawa Barat,2/22/2021,110.804
Jawa Barat,2/23/2021,116.158
Jawa Barat,2/24/2021,121.16
Jawa Barat,2/25/2021,126.77
Jawa Barat,2/26/2021,127.815
Jawa Barat,2/27/2021,130.577
Jawa Barat,2/28/2021,130.652
Jawa Barat,3/1/2021,133.836
Jawa Barat,3/2/2021,136.678
Jawa Barat,3/3/2021,139.07
Jawa Barat,3/4/2021,141.642
Jawa Barat,3/5/2021,143.182
Jawa Barat,3/6/2021,144.203
Jawa Barat,3/7/2021,144.232
Jawa Barat,3/8/2021,145.598
Jawa Barat,3/9/2021,146.744
Jawa Barat,3/10/2021,148.284
Jawa Barat,3/11/2021,149.849
Jawa Barat,3/12/2021,155.471
Jawa Barat,3/13/2021,160.176
Jawa Barat,3/14/2021,160.599
Jawa Barat,3/15/2021,175.239
Jawa Barat,3/16/2021,197.433
Jawa Barat,3/17/2021,224.293
Jawa Barat,3/18/2021,255.813
Jawa Barat,3/19/2021,276.436
Jawa Barat,3/20/2021,286.91
Jawa Barat,3/21/2021,287.539
Jawa Barat,3/22/2021,320
Jawa Barat,3/23/2021,359.305
Jawa Barat,3/24/2021,400.756
Jawa Barat,3/25/2021,408.537
Jawa Barat,3/26/2021,432.056
Jawa Barat,3/27/2021,448.815
Jawa Barat,3/28/2021,448.96
Jawa Barat,3/29/2021,475.63
Jawa Barat,3/30/2021,510.397
Jawa Barat,3/31/2021,545.199
Jawa Barat,4/1/2021,579.878
Jawa Barat,4/2/2021,580.962
Jawa Barat,4/3/2021,597.941
Jawa Barat,4/4/2021,598.84
Jawa Barat,4/5/2021,632.799
Jawa Barat,4/6/2021,669.482
Jawa Barat,4/7/2021,705.519
Jawa Barat,4/8/2021,742.268
Jawa Barat,4/9/2021,766.523
Jawa Barat,4/10/2021,784.211
Jawa Barat,4/11/2021,784.799
Jawa Barat,4/12/2021,818.397
Jawa Barat,4/13/2021,834.291
Jawa Barat,4/14/2021,855.86
Jawa Barat,4/15/2021,879.842
Jawa Barat,4/16/2021,894.41
Jawa Barat,4/17/2021,904.314
Jawa Barat,4/18/2021,905
Jawa Barat,4/19/2021,925.896
Jawa Barat,4/20/2021,950.12
Jawa Barat,4/21/2021,972.913
Jawa Barat,4/22/2021,"1,000.45"
Jawa Barat,4/23/2021,"1,019.814"
Jawa Barat,4/24/2021,"1,031.922"
Jawa Barat,4/25/2021,"1,033.606"
Jawa Tengah,1/13/2021,0
Jawa Tengah,1/14/2021,0.002
Jawa Tengah,1/15/2021,0.002
Jawa Tengah,1/16/2021,0.002
Jawa Tengah,1/17/2021,0.002
Jawa Tengah,1/18/2021,0.002
Jawa Tengah,1/19/2021,0.009
Jawa Tengah,1/20/2021,0.014
Jawa Tengah,1/21/2021,0.028
Jawa Tengah,1/22/2021,0.035
Jawa Tengah,1/23/2021,0.035
Jawa Tengah,1/24/2021,0.035
Jawa Tengah,1/25/2021,0.041
Jawa Tengah,1/26/2021,0.042
Jawa Tengah,1/27/2021,0.042
Jawa Tengah,1/28/2021,0.951
Jawa Tengah,1/29/2021,1.838
Jawa Tengah,1/30/2021,2.533
Jawa Tengah,1/31/2021,2.533
Jawa Tengah,2/1/2021,3.782
Jawa Tengah,2/2/2021,5.513
Jawa Tengah,2/3/2021,8.338
Jawa Tengah,2/4/2021,10.921
Jawa Tengah,2/5/2021,14.216
Jawa Tengah,2/6/2021,16.925
Jawa Tengah,2/7/2021,17.044
Jawa Tengah,2/8/2021,31.178
Jawa Tengah,2/9/2021,60.63
Jawa Tengah,2/10/2021,87.587
Jawa Tengah,2/11/2021,109.872
Jawa Tengah,2/12/2021,110.476
Jawa Tengah,2/13/2021,116.651
Jawa Tengah,2/14/2021,116.675
Jawa Tengah,2/15/2021,120.06
Jawa Tengah,2/16/2021,121.911
Jawa Tengah,2/17/2021,125.07
Jawa Tengah,2/18/2021,127.354
Jawa Tengah,2/19/2021,128.793
Jawa Tengah,2/20/2021,130.008
Jawa Tengah,2/21/2021,130.108
Jawa Tengah,2/22/2021,131.191
Jawa Tengah,2/23/2021,133.057
Jawa Tengah,2/24/2021,134.694
Jawa Tengah,2/25/2021,136.591
Jawa Tengah,2/26/2021,137.202
Jawa Tengah,2/27/2021,137.84
Jawa Tengah,2/28/2021,137.857
Jawa Tengah,3/1/2021,138.524
Jawa Tengah,3/2/2021,139.378
Jawa Tengah,3/3/2021,140.318
Jawa Tengah,3/4/2021,141.317
Jawa Tengah,3/5/2021,142.873
Jawa Tengah,3/6/2021,144.327
Jawa Tengah,3/7/2021,144.335
Jawa Tengah,3/8/2021,149.924
Jawa Tengah,3/9/2021,170.42
Jawa Tengah,3/10/2021,211.31
Jawa Tengah,3/11/2021,213.327
Jawa Tengah,3/12/2021,254.966
Jawa Tengah,3/13/2021,273.679
Jawa Tengah,3/14/2021,273.976
Jawa Tengah,3/15/2021,300.623
Jawa Tengah,3/16/2021,320.441
Jawa Tengah,3/17/2021,334.147
Jawa Tengah,3/18/2021,350.653
Jawa Tengah,3/19/2021,363.216
Jawa Tengah,3/20/2021,372.282
Jawa Tengah,3/21/2021,373.723
Jawa Tengah,3/22/2021,395.315
Jawa Tengah,3/23/2021,412.079
Jawa Tengah,3/24/2021,427.074
Jawa Tengah,3/25/2021,431.339
Jawa Tengah,3/26/2021,439.829
Jawa Tengah,3/27/2021,452.761
Jawa Tengah,3/28/2021,452.893
Jawa Tengah,3/29/2021,467.163
Jawa Tengah,3/30/2021,488.574
Jawa Tengah,3/31/2021,511.815
Jawa Tengah,4/1/2021,531.619
Jawa Tengah,4/2/2021,532.277
Jawa Tengah,4/3/2021,553.889
Jawa Tengah,4/4/2021,553.97
Jawa Tengah,4/5/2021,590.147
Jawa Tengah,4/6/2021,624.757
Jawa Tengah,4/7/2021,650.666
Jawa Tengah,4/8/2021,664.433
Jawa Tengah,4/9/2021,680.005
Jawa Tengah,4/10/2021,707.146
Jawa Tengah,4/11/2021,708.656
Jawa Tengah,4/12/2021,757.781
Jawa Tengah,4/13/2021,780.272
Jawa Tengah,4/14/2021,802.228
Jawa Tengah,4/15/2021,827.124
Jawa Tengah,4/16/2021,837.761
Jawa Tengah,4/17/2021,848.913
Jawa Tengah,4/18/2021,850.179
Jawa Tengah,4/19/2021,866.588
Jawa Tengah,4/20/2021,884.096
Jawa Tengah,4/21/2021,907.178
Jawa Tengah,4/22/2021,937.457
Jawa Tengah,4/23/2021,955.178
Jawa Tengah,4/24/2021,975.749
Jawa Tengah,4/25/2021,980.025
Jawa Timur,1/7/2021,0
Jawa Timur,1/13/2021,0
Jawa Timur,1/14/2021,0
Jawa Timur,1/15/2021,0
Jawa Timur,1/16/2021,0.001
Jawa Timur,1/17/2021,0.001
Jawa Timur,1/18/2021,0.001
Jawa Timur,1/19/2021,0.003
Jawa Timur,1/20/2021,0.007
Jawa Timur,1/21/2021,0.007
Jawa Timur,1/22/2021,0.007
Jawa Timur,1/23/2021,0.007
Jawa Timur,1/24/2021,0.007
Jawa Timur,1/25/2021,0.009
Jawa Timur,1/26/2021,0.015
Jawa Timur,1/27/2021,0.018
Jawa Timur,1/28/2021,0.074
Jawa Timur,1/29/2021,1.051
Jawa Timur,1/30/2021,1.591
Jawa Timur,1/31/2021,1.596
Jawa Timur,2/1/2021,2.828
Jawa Timur,2/2/2021,4.23
Jawa Timur,2/3/2021,6.144
Jawa Timur,2/4/2021,8.04
Jawa Timur,2/5/2021,10.788
Jawa Timur,2/6/2021,13.351
Jawa Timur,2/7/2021,13.611
Jawa Timur,2/8/2021,17.711
Jawa Timur,2/9/2021,22.215
Jawa Timur,2/10/2021,29.674
Jawa Timur,2/11/2021,47.809
Jawa Timur,2/12/2021,52.022
Jawa Timur,2/13/2021,75.455
Jawa Timur,2/14/2021,80.705
Jawa Timur,2/15/2021,104.155
Jawa Timur,2/16/2021,121.988
Jawa Timur,2/17/2021,131.774
Jawa Timur,2/18/2021,138.176
Jawa Timur,2/19/2021,143.385
Jawa Timur,2/20/2021,147.827
Jawa Timur,2/21/2021,147.994
Jawa Timur,2/22/2021,152.127
Jawa Timur,2/23/2021,154.859
Jawa Timur,2/24/2021,158.471
Jawa Timur,2/25/2021,162.545
Jawa Timur,2/26/2021,163.482
Jawa Timur,2/27/2021,164.979
Jawa Timur,2/28/2021,165.082
Jawa Timur,3/1/2021,167.025
Jawa Timur,3/2/2021,168.271
Jawa Timur,3/3/2021,169.628
Jawa Timur,3/4/2021,170.536
Jawa Timur,3/5/2021,171.116
Jawa Timur,3/6/2021,171.54
Jawa Timur,3/7/2021,171.557
Jawa Timur,3/8/2021,172.37
Jawa Timur,3/9/2021,176.643
Jawa Timur,3/10/2021,192.683
Jawa Timur,3/11/2021,196.562
Jawa Timur,3/12/2021,233.145
Jawa Timur,3/13/2021,254.181
Jawa Timur,3/14/2021,254.315
Jawa Timur,3/15/2021,307.352
Jawa Timur,3/16/2021,361.031
Jawa Timur,3/17/2021,414.66
Jawa Timur,3/18/2021,462.502
Jawa Timur,3/19/2021,493.392
Jawa Timur,3/20/2021,513.023
Jawa Timur,3/21/2021,513.542
Jawa Timur,3/22/2021,550.673
Jawa Timur,3/23/2021,592.036
Jawa Timur,3/24/2021,633.187
Jawa Timur,3/25/2021,651.66
Jawa Timur,3/26/2021,675.479
Jawa Timur,3/27/2021,697.05
Jawa Timur,3/28/2021,702.571
Jawa Timur,3/29/2021,729.674
Jawa Timur,3/30/2021,756.326
Jawa Timur,3/31/2021,773.755
Jawa Timur,4/1/2021,792.395
Jawa Timur,4/2/2021,796.258
Jawa Timur,4/3/2021,810.493
Jawa Timur,4/4/2021,810.936
Jawa Timur,4/5/2021,830.426
Jawa Timur,4/6/2021,846.764
Jawa Timur,4/7/2021,860.942
Jawa Timur,4/8/2021,879.371
Jawa Timur,4/9/2021,892.837
Jawa Timur,4/10/2021,909.827
Jawa Timur,4/11/2021,910.229
Jawa Timur,4/12/2021,934.497
Jawa Timur,4/13/2021,943.852
Jawa Timur,4/14/2021,952.916
Jawa Timur,4/15/2021,961.409
Jawa Timur,4/16/2021,964.279
Jawa Timur,4/17/2021,967.591
Jawa Timur,4/18/2021,967.812
Jawa Timur,4/19/2021,975.928
Jawa Timur,4/20/2021,983.774
Jawa Timur,4/21/2021,990.019
Jawa Timur,4/22/2021,"1,000.914"
Jawa Timur,4/23/2021,"1,005.815"
Jawa Timur,4/24/2021,"1,011.592"
Jawa Timur,4/25/2021,"1,014.301"
Kalimantan Barat,1/14/2021,0
Kalimantan Barat,1/15/2021,0
Kalimantan Barat,1/16/2021,0
Kalimantan Barat,1/17/2021,0
Kalimantan Barat,1/18/2021,0
Kalimantan Barat,1/19/2021,0
Kalimantan Barat,1/20/2021,0
Kalimantan Barat,1/21/2021,0.001
Kalimantan Barat,1/22/2021,0.001
Kalimantan Barat,1/23/2021,0.002
Kalimantan Barat,1/24/2021,0.002
Kalimantan Barat,1/25/2021,0.002
Kalimantan Barat,1/26/2021,0.002
Kalimantan Barat,1/27/2021,0.002
Kalimantan Barat,1/28/2021,0.092
Kalimantan Barat,1/29/2021,0.181
Kalimantan Barat,1/30/2021,0.211
Kalimantan Barat,1/31/2021,0.211
Kalimantan Barat,2/1/2021,0.354
Kalimantan Barat,2/2/2021,0.542
Kalimantan Barat,2/3/2021,0.873
Kalimantan Barat,2/4/2021,1.222
Kalimantan Barat,2/5/2021,1.457
Kalimantan Barat,2/6/2021,1.506
Kalimantan Barat,2/7/2021,1.506
Kalimantan Barat,2/8/2021,1.744
Kalimantan Barat,2/9/2021,2.044
Kalimantan Barat,2/10/2021,2.488
Kalimantan Barat,2/11/2021,2.903
Kalimantan Barat,2/12/2021,3.063
Kalimantan Barat,2/13/2021,3.656
Kalimantan Barat,2/14/2021,3.714
Kalimantan Barat,2/15/2021,4.662
Kalimantan Barat,2/16/2021,6.795
Kalimantan Barat,2/17/2021,9.305
Kalimantan Barat,2/18/2021,11.237
Kalimantan Barat,2/19/2021,12.559
Kalimantan Barat,2/20/2021,13.48
Kalimantan Barat,2/21/2021,13.624
Kalimantan Barat,2/22/2021,15.368
Kalimantan Barat,2/23/2021,16.683
Kalimantan Barat,2/24/2021,18.096
Kalimantan Barat,2/25/2021,18.989
Kalimantan Barat,2/26/2021,19.139
Kalimantan Barat,2/27/2021,19.289
Kalimantan Barat,2/28/2021,19.312
Kalimantan Barat,3/1/2021,19.931
Kalimantan Barat,3/2/2021,20.277
Kalimantan Barat,3/3/2021,20.974
Kalimantan Barat,3/4/2021,21.388
Kalimantan Barat,3/5/2021,21.801
Kalimantan Barat,3/6/2021,21.941
Kalimantan Barat,3/7/2021,21.946
Kalimantan Barat,3/8/2021,22.43
Kalimantan Barat,3/9/2021,22.679
Kalimantan Barat,3/10/2021,22.96
Kalimantan Barat,3/11/2021,22.976
Kalimantan Barat,3/12/2021,23.115
Kalimantan Barat,3/13/2021,23.159
Kalimantan Barat,3/14/2021,23.159
Kalimantan Barat,3/15/2021,23.688
Kalimantan Barat,3/16/2021,24.262
Kalimantan Barat,3/17/2021,25.243
Kalimantan Barat,3/18/2021,26.929
Kalimantan Barat,3/19/2021,28.279
Kalimantan Barat,3/20/2021,28.981
Kalimantan Barat,3/21/2021,28.983
Kalimantan Barat,3/22/2021,30.405
Kalimantan Barat,3/23/2021,32.645
Kalimantan Barat,3/24/2021,35.888
Kalimantan Barat,3/25/2021,36.24
Kalimantan Barat,3/26/2021,37.477
Kalimantan Barat,3/27/2021,38.114
Kalimantan Barat,3/28/2021,38.119
Kalimantan Barat,3/29/2021,39.769
Kalimantan Barat,3/30/2021,42.681
Kalimantan Barat,3/31/2021,45.479
Kalimantan Barat,4/1/2021,47.01
Kalimantan Barat,4/2/2021,47.156
Kalimantan Barat,4/3/2021,47.807
Kalimantan Barat,4/4/2021,47.887
Kalimantan Barat,4/5/2021,50.243
Kalimantan Barat,4/6/2021,52.331
Kalimantan Barat,4/7/2021,56.095
Kalimantan Barat,4/8/2021,58.828
Kalimantan Barat,4/9/2021,62.008
Kalimantan Barat,4/10/2021,63.142
Kalimantan Barat,4/11/2021,63.233
Kalimantan Barat,4/12/2021,65.241
Kalimantan Barat,4/13/2021,66.173
Kalimantan Barat,4/14/2021,67.816
Kalimantan Barat,4/15/2021,69.561
Kalimantan Barat,4/16/2021,70.384
Kalimantan Barat,4/17/2021,70.844
Kalimantan Barat,4/18/2021,70.854
Kalimantan Barat,4/19/2021,72.183
Kalimantan Barat,4/20/2021,73.629
Kalimantan Barat,4/21/2021,75.619
Kalimantan Barat,4/22/2021,77.738
Kalimantan Barat,4/23/2021,79.592
Kalimantan Barat,4/24/2021,80.46
Kalimantan Barat,4/25/2021,80.569
Kalimantan Selatan,1/7/2021,0
Kalimantan Selatan,1/13/2021,0
Kalimantan Selatan,1/14/2021,0
Kalimantan Selatan,1/15/2021,0
Kalimantan Selatan,1/16/2021,0
Kalimantan Selatan,1/18/2021,0
Kalimantan Selatan,1/19/2021,0
Kalimantan Selatan,1/20/2021,0
Kalimantan Selatan,1/21/2021,0
Kalimantan Selatan,1/22/2021,0
Kalimantan Selatan,1/23/2021,0
Kalimantan Selatan,1/25/2021,0
Kalimantan Selatan,1/26/2021,0
Kalimantan Selatan,1/27/2021,0
Kalimantan Selatan,1/28/2021,0.076
Kalimantan Selatan,1/29/2021,0.119
Kalimantan Selatan,1/30/2021,0.264
Kalimantan Selatan,1/31/2021,0.264
Kalimantan Selatan,2/1/2021,0.415
Kalimantan Selatan,2/2/2021,0.545
Kalimantan Selatan,2/3/2021,0.792
Kalimantan Selatan,2/4/2021,1.103
Kalimantan Selatan,2/5/2021,1.327
Kalimantan Selatan,2/6/2021,1.676
Kalimantan Selatan,2/7/2021,1.677
Kalimantan Selatan,2/8/2021,1.971
Kalimantan Selatan,2/9/2021,2.093
Kalimantan Selatan,2/10/2021,2.452
Kalimantan Selatan,2/11/2021,3.112
Kalimantan Selatan,2/12/2021,3.152
Kalimantan Selatan,2/13/2021,3.496
Kalimantan Selatan,2/14/2021,3.498
Kalimantan Selatan,2/15/2021,4.216
Kalimantan Selatan,2/16/2021,5.413
Kalimantan Selatan,2/17/2021,7.024
Kalimantan Selatan,2/18/2021,8.486
Kalimantan Selatan,2/19/2021,9.224
Kalimantan Selatan,2/20/2021,10.221
Kalimantan Selatan,2/21/2021,10.25
Kalimantan Selatan,2/22/2021,11.863
Kalimantan Selatan,2/23/2021,12.728
Kalimantan Selatan,2/24/2021,13.76
Kalimantan Selatan,2/25/2021,14.804
Kalimantan Selatan,2/26/2021,14.931
Kalimantan Selatan,2/27/2021,15.363
Kalimantan Selatan,2/28/2021,15.367
Kalimantan Selatan,3/1/2021,16.037
Kalimantan Selatan,3/2/2021,16.819
Kalimantan Selatan,3/3/2021,17.729
Kalimantan Selatan,3/4/2021,18.549
Kalimantan Selatan,3/5/2021,18.989
Kalimantan Selatan,3/6/2021,19.504
Kalimantan Selatan,3/7/2021,19.509
Kalimantan Selatan,3/8/2021,20.402
Kalimantan Selatan,3/9/2021,20.847
Kalimantan Selatan,3/10/2021,21.648
Kalimantan Selatan,3/11/2021,21.663
Kalimantan Selatan,3/12/2021,22.291
Kalimantan Selatan,3/13/2021,22.924
Kalimantan Selatan,3/14/2021,22.935
Kalimantan Selatan,3/15/2021,23.58
Kalimantan Selatan,3/16/2021,24.142
Kalimantan Selatan,3/17/2021,25.33
Kalimantan Selatan,3/18/2021,26.836
Kalimantan Selatan,3/19/2021,28.301
Kalimantan Selatan,3/20/2021,29.6
Kalimantan Selatan,3/21/2021,29.671
Kalimantan Selatan,3/22/2021,32.6
Kalimantan Selatan,3/23/2021,35.659
Kalimantan Selatan,3/24/2021,39.454
Kalimantan Selatan,3/25/2021,40.36
Kalimantan Selatan,3/26/2021,41.491
Kalimantan Selatan,3/27/2021,41.845
Kalimantan Selatan,3/28/2021,41.845
Kalimantan Selatan,3/29/2021,42.651
Kalimantan Selatan,3/30/2021,44.681
Kalimantan Selatan,3/31/2021,46.64
Kalimantan Selatan,4/1/2021,48.45
Kalimantan Selatan,4/2/2021,48.571
Kalimantan Selatan,4/3/2021,49.396
Kalimantan Selatan,4/4/2021,49.401
Kalimantan Selatan,4/5/2021,50.755
Kalimantan Selatan,4/6/2021,51.78
Kalimantan Selatan,4/7/2021,53.48
Kalimantan Selatan,4/8/2021,56.215
Kalimantan Selatan,4/9/2021,58.91
Kalimantan Selatan,4/10/2021,60.809
Kalimantan Selatan,4/11/2021,60.823
Kalimantan Selatan,4/12/2021,63.552
Kalimantan Selatan,4/13/2021,64.756
Kalimantan Selatan,4/14/2021,66.226
Kalimantan Selatan,4/15/2021,67.122
Kalimantan Selatan,4/16/2021,67.594
Kalimantan Selatan,4/17/2021,68.172
Kalimantan Selatan,4/18/2021,68.173
Kalimantan Selatan,4/19/2021,69.513
Kalimantan Selatan,4/20/2021,70.71
Kalimantan Selatan,4/21/2021,72.118
Kalimantan Selatan,4/22/2021,73.76
Kalimantan Selatan,4/23/2021,74.552
Kalimantan Selatan,4/24/2021,75.882
Kalimantan Selatan,4/25/2021,75.908
Kalimantan Tengah,1/13/2021,0
Kalimantan Tengah,1/14/2021,0
Kalimantan Tengah,1/15/2021,0
Kalimantan Tengah,1/16/2021,0
Kalimantan Tengah,1/18/2021,0
Kalimantan Tengah,1/19/2021,0
Kalimantan Tengah,1/20/2021,0
Kalimantan Tengah,1/21/2021,0
Kalimantan Tengah,1/22/2021,0
Kalimantan Tengah,1/23/2021,0
Kalimantan Tengah,1/25/2021,0
Kalimantan Tengah,1/26/2021,0
Kalimantan Tengah,1/27/2021,0
Kalimantan Tengah,1/28/2021,0.169
Kalimantan Tengah,1/29/2021,0.296
Kalimantan Tengah,1/30/2021,0.342
Kalimantan Tengah,1/31/2021,0.342
Kalimantan Tengah,2/1/2021,0.573
Kalimantan Tengah,2/2/2021,0.734
Kalimantan Tengah,2/3/2021,1.036
Kalimantan Tengah,2/4/2021,1.325
Kalimantan Tengah,2/5/2021,1.42
Kalimantan Tengah,2/6/2021,1.508
Kalimantan Tengah,2/7/2021,1.508
Kalimantan Tengah,2/8/2021,1.713
Kalimantan Tengah,2/9/2021,1.862
Kalimantan Tengah,2/10/2021,2.103
Kalimantan Tengah,2/11/2021,2.369
Kalimantan Tengah,2/12/2021,2.421
Kalimantan Tengah,2/13/2021,2.65
Kalimantan Tengah,2/15/2021,3.933
Kalimantan Tengah,2/16/2021,5.008
Kalimantan Tengah,2/17/2021,6.947
Kalimantan Tengah,2/18/2021,8.82
Kalimantan Tengah,2/19/2021,10.309
Kalimantan Tengah,2/20/2021,11.799
Kalimantan Tengah,2/21/2021,11.802
Kalimantan Tengah,2/22/2021,12.827
Kalimantan Tengah,2/23/2021,13.47
Kalimantan Tengah,2/24/2021,13.834
Kalimantan Tengah,2/25/2021,14.265
Kalimantan Tengah,2/26/2021,14.297
Kalimantan Tengah,2/27/2021,14.505
Kalimantan Tengah,2/28/2021,14.512
Kalimantan Tengah,3/1/2021,15.062
Kalimantan Tengah,3/2/2021,15.436
Kalimantan Tengah,3/3/2021,15.834
Kalimantan Tengah,3/4/2021,16.441
Kalimantan Tengah,3/5/2021,16.767
Kalimantan Tengah,3/6/2021,16.976
Kalimantan Tengah,3/7/2021,16.998
Kalimantan Tengah,3/8/2021,17.316
Kalimantan Tengah,3/9/2021,17.433
Kalimantan Tengah,3/10/2021,17.637
Kalimantan Tengah,3/11/2021,17.672
Kalimantan Tengah,3/12/2021,17.804
Kalimantan Tengah,3/13/2021,17.894
Kalimantan Tengah,3/14/2021,17.895
Kalimantan Tengah,3/15/2021,18.005
Kalimantan Tengah,3/16/2021,18.135
Kalimantan Tengah,3/17/2021,18.231
Kalimantan Tengah,3/18/2021,18.387
Kalimantan Tengah,3/19/2021,18.591
Kalimantan Tengah,3/20/2021,19.082
Kalimantan Tengah,3/21/2021,19.341
Kalimantan Tengah,3/22/2021,21.63
Kalimantan Tengah,3/23/2021,25.096
Kalimantan Tengah,3/24/2021,28.42
Kalimantan Tengah,3/25/2021,28.815
Kalimantan Tengah,3/26/2021,30.11
Kalimantan Tengah,3/27/2021,31.053
Kalimantan Tengah,3/28/2021,31.054
Kalimantan Tengah,3/29/2021,33.497
Kalimantan Tengah,3/30/2021,36.287
Kalimantan Tengah,3/31/2021,38.894
Kalimantan Tengah,4/1/2021,40.531
Kalimantan Tengah,4/2/2021,40.624
Kalimantan Tengah,4/3/2021,42.764
Kalimantan Tengah,4/4/2021,44.084
Kalimantan Tengah,4/5/2021,46.776
Kalimantan Tengah,4/6/2021,48.175
Kalimantan Tengah,4/7/2021,49.692
Kalimantan Tengah,4/8/2021,52.108
Kalimantan Tengah,4/9/2021,53.07
Kalimantan Tengah,4/10/2021,54.764
Kalimantan Tengah,4/11/2021,54.945
Kalimantan Tengah,4/12/2021,56.39
Kalimantan Tengah,4/13/2021,57.332
Kalimantan Tengah,4/14/2021,58.694
Kalimantan Tengah,4/15/2021,59.679
Kalimantan Tengah,4/16/2021,60.137
Kalimantan Tengah,4/17/2021,60.879
Kalimantan Tengah,4/18/2021,60.908
Kalimantan Tengah,4/19/2021,62.242
Kalimantan Tengah,4/20/2021,63.335
Kalimantan Tengah,4/21/2021,64.483
Kalimantan Tengah,4/22/2021,65.524
Kalimantan Tengah,4/23/2021,65.96
Kalimantan Tengah,4/24/2021,66.311
Kalimantan Tengah,4/25/2021,66.328
Kalimantan Timur,1/13/2021,0
Kalimantan Timur,1/14/2021,0
Kalimantan Timur,1/15/2021,0
Kalimantan Timur,1/16/2021,0
Kalimantan Timur,1/17/2021,0
Kalimantan Timur,1/18/2021,0
Kalimantan Timur,1/19/2021,0
Kalimantan Timur,1/20/2021,0
Kalimantan Timur,1/21/2021,0
Kalimantan Timur,1/22/2021,0
Kalimantan Timur,1/23/2021,0
Kalimantan Timur,1/24/2021,0
Kalimantan Timur,1/25/2021,0
Kalimantan Timur,1/26/2021,0
Kalimantan Timur,1/27/2021,0.004
Kalimantan Timur,1/28/2021,0.337
Kalimantan Timur,1/29/2021,0.651
Kalimantan Timur,1/30/2021,0.917
Kalimantan Timur,1/31/2021,0.928
Kalimantan Timur,2/1/2021,1.356
Kalimantan Timur,2/2/2021,1.738
Kalimantan Timur,2/3/2021,2.235
Kalimantan Timur,2/4/2021,2.801
Kalimantan Timur,2/5/2021,3.148
Kalimantan Timur,2/6/2021,3.303
Kalimantan Timur,2/7/2021,3.304
Kalimantan Timur,2/8/2021,3.675
Kalimantan Timur,2/9/2021,4.029
Kalimantan Timur,2/10/2021,4.969
Kalimantan Timur,2/11/2021,7.72
Kalimantan Timur,2/12/2021,9.274
Kalimantan Timur,2/13/2021,13.191
Kalimantan Timur,2/14/2021,13.703
Kalimantan Timur,2/15/2021,15.989
Kalimantan Timur,2/16/2021,17.743
Kalimantan Timur,2/17/2021,18.802
Kalimantan Timur,2/18/2021,19.187
Kalimantan Timur,2/19/2021,19.719
Kalimantan Timur,2/20/2021,20.073
Kalimantan Timur,2/21/2021,20.13
Kalimantan Timur,2/22/2021,20.593
Kalimantan Timur,2/23/2021,21.059
Kalimantan Timur,2/24/2021,21.755
Kalimantan Timur,2/25/2021,22.232
Kalimantan Timur,2/26/2021,22.39
Kalimantan Timur,2/27/2021,22.844
Kalimantan Timur,2/28/2021,22.889
Kalimantan Timur,3/1/2021,23.293
Kalimantan Timur,3/2/2021,23.514
Kalimantan Timur,3/3/2021,23.758
Kalimantan Timur,3/4/2021,23.952
Kalimantan Timur,3/5/2021,24.103
Kalimantan Timur,3/6/2021,24.25
Kalimantan Timur,3/7/2021,24.255
Kalimantan Timur,3/8/2021,24.393
Kalimantan Timur,3/9/2021,24.558
Kalimantan Timur,3/10/2021,24.768
Kalimantan Timur,3/11/2021,24.805
Kalimantan Timur,3/12/2021,25.035
Kalimantan Timur,3/13/2021,25.688
Kalimantan Timur,3/14/2021,26.224
Kalimantan Timur,3/15/2021,26.853
Kalimantan Timur,3/16/2021,28.542
Kalimantan Timur,3/17/2021,33.278
Kalimantan Timur,3/18/2021,41.31
Kalimantan Timur,3/19/2021,46.442
Kalimantan Timur,3/20/2021,49.405
Kalimantan Timur,3/21/2021,50.49
Kalimantan Timur,3/22/2021,54.235
Kalimantan Timur,3/23/2021,58.134
Kalimantan Timur,3/24/2021,61.138
Kalimantan Timur,3/25/2021,61.77
Kalimantan Timur,3/26/2021,63.678
Kalimantan Timur,3/27/2021,64.716
Kalimantan Timur,3/28/2021,64.747
Kalimantan Timur,3/29/2021,66.004
Kalimantan Timur,3/30/2021,67.331
Kalimantan Timur,3/31/2021,68.951
Kalimantan Timur,4/1/2021,70.412
Kalimantan Timur,4/2/2021,70.593
Kalimantan Timur,4/3/2021,71.353
Kalimantan Timur,4/4/2021,71.93
Kalimantan Timur,4/5/2021,73.502
Kalimantan Timur,4/6/2021,74.975
Kalimantan Timur,4/7/2021,77.237
Kalimantan Timur,4/8/2021,77.934
Kalimantan Timur,4/9/2021,79.377
Kalimantan Timur,4/10/2021,82.253
Kalimantan Timur,4/11/2021,82.462
Kalimantan Timur,4/12/2021,84.719
Kalimantan Timur,4/13/2021,85.752
Kalimantan Timur,4/14/2021,87.979
Kalimantan Timur,4/15/2021,89.219
Kalimantan Timur,4/16/2021,90.107
Kalimantan Timur,4/17/2021,92.415
Kalimantan Timur,4/18/2021,92.828
Kalimantan Timur,4/19/2021,94.107
Kalimantan Timur,4/20/2021,99.397
Kalimantan Timur,4/21/2021,102.325
Kalimantan Timur,4/22/2021,104.322
Kalimantan Timur,4/23/2021,104.99
Kalimantan Timur,4/24/2021,106.596
Kalimantan Timur,4/25/2021,106.609
Kalimantan Utara,1/13/2021,0
Kalimantan Utara,1/14/2021,0
Kalimantan Utara,1/15/2021,0
Kalimantan Utara,1/16/2021,0
Kalimantan Utara,1/18/2021,0
Kalimantan Utara,1/19/2021,0
Kalimantan Utara,1/20/2021,0
Kalimantan Utara,1/21/2021,0
Kalimantan Utara,1/22/2021,0.002
Kalimantan Utara,1/23/2021,0.002
Kalimantan Utara,1/25/2021,0.002
Kalimantan Utara,1/26/2021,0.002
Kalimantan Utara,1/27/2021,0.002
Kalimantan Utara,1/28/2021,0.083
Kalimantan Utara,1/29/2021,0.168
Kalimantan Utara,1/30/2021,0.273
Kalimantan Utara,2/1/2021,0.52
Kalimantan Utara,2/2/2021,0.729
Kalimantan Utara,2/3/2021,0.91
Kalimantan Utara,2/4/2021,1.115
Kalimantan Utara,2/5/2021,1.232
Kalimantan Utara,2/6/2021,1.268
Kalimantan Utara,2/7/2021,1.268
Kalimantan Utara,2/8/2021,1.361
Kalimantan Utara,2/9/2021,1.449
Kalimantan Utara,2/10/2021,1.519
Kalimantan Utara,2/11/2021,1.649
Kalimantan Utara,2/12/2021,1.694
Kalimantan Utara,2/13/2021,1.763
Kalimantan Utara,2/15/2021,1.834
Kalimantan Utara,2/16/2021,1.906
Kalimantan Utara,2/17/2021,2.373
Kalimantan Utara,2/18/2021,2.9
Kalimantan Utara,2/19/2021,3.219
Kalimantan Utara,2/20/2021,3.433
Kalimantan Utara,2/21/2021,3.433
Kalimantan Utara,2/22/2021,3.605
Kalimantan Utara,2/23/2021,3.926
Kalimantan Utara,2/24/2021,4.169
Kalimantan Utara,2/25/2021,4.348
Kalimantan Utara,2/26/2021,4.378
Kalimantan Utara,2/27/2021,4.534
Kalimantan Utara,2/28/2021,4.535
Kalimantan Utara,3/1/2021,4.669
Kalimantan Utara,3/2/2021,4.791
Kalimantan Utara,3/3/2021,5.037
Kalimantan Utara,3/4/2021,5.152
Kalimantan Utara,3/5/2021,5.289
Kalimantan Utara,3/6/2021,5.35
Kalimantan Utara,3/7/2021,5.352
Kalimantan Utara,3/8/2021,5.405
Kalimantan Utara,3/9/2021,5.508
Kalimantan Utara,3/10/2021,5.6
Kalimantan Utara,3/11/2021,5.606
Kalimantan Utara,3/12/2021,5.653
Kalimantan Utara,3/13/2021,5.704
Kalimantan Utara,3/14/2021,5.705
Kalimantan Utara,3/15/2021,5.76
Kalimantan Utara,3/16/2021,5.802
Kalimantan Utara,3/17/2021,5.87
Kalimantan Utara,3/18/2021,6.037
Kalimantan Utara,3/19/2021,6.158
Kalimantan Utara,3/20/2021,6.197
Kalimantan Utara,3/21/2021,6.197
Kalimantan Utara,3/22/2021,6.417
Kalimantan Utara,3/23/2021,7.357
Kalimantan Utara,3/24/2021,8.465
Kalimantan Utara,3/25/2021,8.802
Kalimantan Utara,3/26/2021,9.106
Kalimantan Utara,3/27/2021,9.423
Kalimantan Utara,3/28/2021,9.423
Kalimantan Utara,3/29/2021,9.815
Kalimantan Utara,3/30/2021,10.241
Kalimantan Utara,3/31/2021,10.791
Kalimantan Utara,4/1/2021,11.172
Kalimantan Utara,4/2/2021,11.175
Kalimantan Utara,4/3/2021,11.445
Kalimantan Utara,4/4/2021,11.447
Kalimantan Utara,4/5/2021,11.707
Kalimantan Utara,4/6/2021,12.032
Kalimantan Utara,4/7/2021,12.414
Kalimantan Utara,4/8/2021,12.773
Kalimantan Utara,4/9/2021,12.863
Kalimantan Utara,4/10/2021,13.059
Kalimantan Utara,4/11/2021,13.059
Kalimantan Utara,4/12/2021,13.542
Kalimantan Utara,4/13/2021,14.003
Kalimantan Utara,4/14/2021,14.169
Kalimantan Utara,4/15/2021,14.272
Kalimantan Utara,4/16/2021,14.309
Kalimantan Utara,4/17/2021,14.351
Kalimantan Utara,4/18/2021,14.356
Kalimantan Utara,4/19/2021,14.449
Kalimantan Utara,4/20/2021,14.682
Kalimantan Utara,4/21/2021,14.781
Kalimantan Utara,4/22/2021,15.049
Kalimantan Utara,4/23/2021,15.263
Kalimantan Utara,4/24/2021,15.576
Kalimantan Utara,4/25/2021,15.614
Kepulauan Riau,1/13/2021,0
Kepulauan Riau,1/14/2021,0
Kepulauan Riau,1/15/2021,0.002
Kepulauan Riau,1/16/2021,0.002
Kepulauan Riau,1/17/2021,0.002
Kepulauan Riau,1/18/2021,0.002
Kepulauan Riau,1/19/2021,0.002
Kepulauan Riau,1/20/2021,0.002
Kepulauan Riau,1/21/2021,0.002
Kepulauan Riau,1/22/2021,0.004
Kepulauan Riau,1/23/2021,0.004
Kepulauan Riau,1/24/2021,0.004
Kepulauan Riau,1/25/2021,0.005
Kepulauan Riau,1/26/2021,0.005
Kepulauan Riau,1/27/2021,0.005
Kepulauan Riau,1/28/2021,0.06
Kepulauan Riau,1/29/2021,0.18
Kepulauan Riau,1/30/2021,0.284
Kepulauan Riau,1/31/2021,0.295
Kepulauan Riau,2/1/2021,0.707
Kepulauan Riau,2/2/2021,1.119
Kepulauan Riau,2/3/2021,1.811
Kepulauan Riau,2/4/2021,2.727
Kepulauan Riau,2/5/2021,3.222
Kepulauan Riau,2/6/2021,3.332
Kepulauan Riau,2/7/2021,3.332
Kepulauan Riau,2/8/2021,3.691
Kepulauan Riau,2/9/2021,4.032
Kepulauan Riau,2/10/2021,4.482
Kepulauan Riau,2/11/2021,5.198
Kepulauan Riau,2/12/2021,5.339
Kepulauan Riau,2/13/2021,6.138
Kepulauan Riau,2/14/2021,6.182
Kepulauan Riau,2/15/2021,6.924
Kepulauan Riau,2/16/2021,8.077
Kepulauan Riau,2/17/2021,8.98
Kepulauan Riau,2/18/2021,9.556
Kepulauan Riau,2/19/2021,9.907
Kepulauan Riau,2/20/2021,10.307
Kepulauan Riau,2/21/2021,10.332
Kepulauan Riau,2/22/2021,10.73
Kepulauan Riau,2/23/2021,10.949
Kepulauan Riau,2/24/2021,11.091
Kepulauan Riau,2/25/2021,11.345
Kepulauan Riau,2/26/2021,11.373
Kepulauan Riau,2/27/2021,11.663
Kepulauan Riau,2/28/2021,11.671
Kepulauan Riau,3/1/2021,11.879
Kepulauan Riau,3/2/2021,12.261
Kepulauan Riau,3/3/2021,12.638
Kepulauan Riau,3/4/2021,12.788
Kepulauan Riau,3/5/2021,12.933
Kepulauan Riau,3/6/2021,12.977
Kepulauan Riau,3/7/2021,12.978
Kepulauan Riau,3/8/2021,13.073
Kepulauan Riau,3/9/2021,13.157
Kepulauan Riau,3/10/2021,13.237
Kepulauan Riau,3/11/2021,13.252
Kepulauan Riau,3/12/2021,13.284
Kepulauan Riau,3/13/2021,13.322
Kepulauan Riau,3/14/2021,13.323
Kepulauan Riau,3/15/2021,13.723
Kepulauan Riau,3/16/2021,14.501
Kepulauan Riau,3/17/2021,15.206
Kepulauan Riau,3/18/2021,16.632
Kepulauan Riau,3/19/2021,18.297
Kepulauan Riau,3/20/2021,18.591
Kepulauan Riau,3/21/2021,18.592
Kepulauan Riau,3/22/2021,20.527
Kepulauan Riau,3/23/2021,22.194
Kepulauan Riau,3/24/2021,23.865
Kepulauan Riau,3/25/2021,24.061
Kepulauan Riau,3/26/2021,24.375
Kepulauan Riau,3/27/2021,24.442
Kepulauan Riau,3/28/2021,24.459
Kepulauan Riau,3/29/2021,24.985
Kepulauan Riau,3/30/2021,25.296
Kepulauan Riau,3/31/2021,25.783
Kepulauan Riau,4/1/2021,26.267
Kepulauan Riau,4/2/2021,26.622
Kepulauan Riau,4/3/2021,26.893
Kepulauan Riau,4/4/2021,26.897
Kepulauan Riau,4/5/2021,28.204
Kepulauan Riau,4/6/2021,29.443
Kepulauan Riau,4/7/2021,30.364
Kepulauan Riau,4/8/2021,31.472
Kepulauan Riau,4/9/2021,32.746
Kepulauan Riau,4/10/2021,33.483
Kepulauan Riau,4/11/2021,33.628
Kepulauan Riau,4/12/2021,34.355
Kepulauan Riau,4/13/2021,34.783
Kepulauan Riau,4/14/2021,35.591
Kepulauan Riau,4/15/2021,36.23
Kepulauan Riau,4/16/2021,36.439
Kepulauan Riau,4/17/2021,36.673
Kepulauan Riau,4/18/2021,36.687
Kepulauan Riau,4/19/2021,37.211
Kepulauan Riau,4/20/2021,39.51
Kepulauan Riau,4/21/2021,40.623
Kepulauan Riau,4/22/2021,41.561
Kepulauan Riau,4/23/2021,41.999
Kepulauan Riau,4/24/2021,42.175
Kepulauan Riau,4/25/2021,42.175
Lampung,1/13/2021,0
Lampung,1/14/2021,0
Lampung,1/15/2021,0
Lampung,1/16/2021,0
Lampung,1/17/2021,0
Lampung,1/18/2021,0
Lampung,1/19/2021,0
Lampung,1/20/2021,0
Lampung,1/21/2021,0
Lampung,1/22/2021,0
Lampung,1/23/2021,0
Lampung,1/25/2021,0
Lampung,1/26/2021,0
Lampung,1/27/2021,0
Lampung,1/28/2021,0.014
Lampung,1/29/2021,0.019
Lampung,1/30/2021,0.019
Lampung,2/1/2021,0.059
Lampung,2/2/2021,0.166
Lampung,2/3/2021,0.489
Lampung,2/4/2021,1.005
Lampung,2/5/2021,1.185
Lampung,2/6/2021,1.286
Lampung,2/7/2021,1.286
Lampung,2/8/2021,1.484
Lampung,2/9/2021,2.358
Lampung,2/10/2021,3.22
Lampung,2/11/2021,4.656
Lampung,2/12/2021,5.339
Lampung,2/13/2021,5.957
Lampung,2/14/2021,5.957
Lampung,2/15/2021,8.491
Lampung,2/16/2021,11.751
Lampung,2/17/2021,14.807
Lampung,2/18/2021,17.605
Lampung,2/19/2021,19.694
Lampung,2/20/2021,20.819
Lampung,2/21/2021,20.831
Lampung,2/22/2021,22.118
Lampung,2/23/2021,23.068
Lampung,2/24/2021,23.905
Lampung,2/25/2021,24.81
Lampung,2/26/2021,24.951
Lampung,2/27/2021,25.099
Lampung,2/28/2021,25.1
Lampung,3/1/2021,25.61
Lampung,3/2/2021,26.354
Lampung,3/3/2021,27.102
Lampung,3/4/2021,27.94
Lampung,3/5/2021,28.292
Lampung,3/6/2021,28.41
Lampung,3/7/2021,28.415
Lampung,3/8/2021,28.911
Lampung,3/9/2021,29.48
Lampung,3/10/2021,29.868
Lampung,3/11/2021,29.884
Lampung,3/12/2021,30.091
Lampung,3/13/2021,30.155
Lampung,3/14/2021,30.16
Lampung,3/15/2021,30.454
Lampung,3/16/2021,30.828
Lampung,3/17/2021,31.907
Lampung,3/18/2021,35.31
Lampung,3/19/2021,40.22
Lampung,3/20/2021,44.352
Lampung,3/21/2021,44.601
Lampung,3/22/2021,49.769
Lampung,3/23/2021,55.342
Lampung,3/24/2021,60.245
Lampung,3/25/2021,61.638
Lampung,3/26/2021,63.503
Lampung,3/27/2021,63.951
Lampung,3/28/2021,63.996
Lampung,3/29/2021,67.291
Lampung,3/30/2021,71.133
Lampung,3/31/2021,73.484
Lampung,4/1/2021,75.264
Lampung,4/2/2021,75.301
Lampung,4/3/2021,75.827
Lampung,4/4/2021,75.838
Lampung,4/5/2021,78.44
Lampung,4/6/2021,81.346
Lampung,4/7/2021,86.275
Lampung,4/8/2021,89.891
Lampung,4/9/2021,93.015
Lampung,4/10/2021,94.941
Lampung,4/11/2021,94.97
Lampung,4/12/2021,99.187
Lampung,4/13/2021,100.774
Lampung,4/14/2021,102.978
Lampung,4/15/2021,104.953
Lampung,4/16/2021,105.958
Lampung,4/17/2021,106.761
Lampung,4/18/2021,106.77
Lampung,4/19/2021,108.558
Lampung,4/20/2021,110.313
Lampung,4/21/2021,112.058
Lampung,4/22/2021,115.442
Lampung,4/23/2021,117.408
Lampung,4/24/2021,118.982
Lampung,4/25/2021,119.004
Maluku,1/14/2021,0
Maluku,1/15/2021,0
Maluku,1/16/2021,0
Maluku,1/18/2021,0
Maluku,1/19/2021,0
Maluku,1/20/2021,0
Maluku,1/21/2021,0
Maluku,1/22/2021,0.001
Maluku,1/23/2021,0.001
Maluku,1/24/2021,0.001
Maluku,1/25/2021,0.001
Maluku,1/26/2021,0.001
Maluku,1/27/2021,0.001
Maluku,1/28/2021,0.001
Maluku,1/29/2021,0.181
Maluku,1/30/2021,0.184
Maluku,1/31/2021,0.184
Maluku,2/1/2021,0.268
Maluku,2/2/2021,0.369
Maluku,2/3/2021,0.485
Maluku,2/4/2021,0.763
Maluku,2/5/2021,0.893
Maluku,2/6/2021,0.944
Maluku,2/7/2021,0.966
Maluku,2/8/2021,1.07
Maluku,2/9/2021,1.155
Maluku,2/10/2021,1.304
Maluku,2/11/2021,1.554
Maluku,2/12/2021,1.764
Maluku,2/13/2021,1.993
Maluku,2/14/2021,2.019
Maluku,2/15/2021,2.476
Maluku,2/16/2021,2.952
Maluku,2/17/2021,3.394
Maluku,2/18/2021,3.833
Maluku,2/19/2021,4.21
Maluku,2/20/2021,4.686
Maluku,2/21/2021,4.784
Maluku,2/22/2021,5.345
Maluku,2/23/2021,5.63
Maluku,2/24/2021,5.972
Maluku,2/25/2021,6.226
Maluku,2/26/2021,6.377
Maluku,2/27/2021,6.497
Maluku,2/28/2021,6.499
Maluku,3/1/2021,6.79
Maluku,3/2/2021,7.129
Maluku,3/3/2021,7.471
Maluku,3/4/2021,7.739
Maluku,3/5/2021,8.023
Maluku,3/6/2021,8.152
Maluku,3/7/2021,8.161
Maluku,3/8/2021,8.408
Maluku,3/9/2021,8.617
Maluku,3/10/2021,8.789
Maluku,3/11/2021,8.833
Maluku,3/12/2021,8.947
Maluku,3/13/2021,9.067
Maluku,3/14/2021,9.067
Maluku,3/15/2021,9.2
Maluku,3/16/2021,9.306
Maluku,3/17/2021,9.434
Maluku,3/18/2021,9.537
Maluku,3/19/2021,9.688
Maluku,3/20/2021,9.78
Maluku,3/21/2021,9.785
Maluku,3/22/2021,9.966
Maluku,3/23/2021,10.482
Maluku,3/24/2021,10.762
Maluku,3/25/2021,10.81
Maluku,3/26/2021,12.263
Maluku,3/27/2021,13.204
Maluku,3/28/2021,13.206
Maluku,3/29/2021,13.845
Maluku,3/30/2021,15.467
Maluku,3/31/2021,16.553
Maluku,4/1/2021,17.528
Maluku,4/2/2021,17.584
Maluku,4/3/2021,18.504
Maluku,4/5/2021,19.22
Maluku,4/6/2021,21.086
Maluku,4/7/2021,22.163
Maluku,4/8/2021,23.153
Maluku,4/9/2021,23.772
Maluku,4/10/2021,24.237
Maluku,4/11/2021,24.243
Maluku,4/12/2021,25.029
Maluku,4/13/2021,25.314
Maluku,4/14/2021,25.824
Maluku,4/15/2021,26.541
Maluku,4/16/2021,26.938
Maluku,4/17/2021,27.071
Maluku,4/18/2021,27.115
Maluku,4/19/2021,27.878
Maluku,4/20/2021,28.946
Maluku,4/21/2021,29.925
Maluku,4/22/2021,30.705
Maluku,4/23/2021,31.54
Maluku,4/24/2021,31.902
Maluku,4/25/2021,31.902
Maluku Utara,1/14/2021,0
Maluku Utara,1/15/2021,0
Maluku Utara,1/16/2021,0
Maluku Utara,1/17/2021,0
Maluku Utara,1/18/2021,0
Maluku Utara,1/19/2021,0
Maluku Utara,1/20/2021,0
Maluku Utara,1/21/2021,0
Maluku Utara,1/22/2021,0
Maluku Utara,1/23/2021,0
Maluku Utara,1/24/2021,0
Maluku Utara,1/25/2021,0
Maluku Utara,1/26/2021,0
Maluku Utara,1/27/2021,0
Maluku Utara,1/28/2021,0.006
Maluku Utara,1/29/2021,0.007
Maluku Utara,1/30/2021,0.007
Maluku Utara,1/31/2021,0.007
Maluku Utara,2/1/2021,0.007
Maluku Utara,2/2/2021,0.016
Maluku Utara,2/3/2021,0.052
Maluku Utara,2/4/2021,0.101
Maluku Utara,2/5/2021,0.141
Maluku Utara,2/6/2021,0.156
Maluku Utara,2/7/2021,0.156
Maluku Utara,2/8/2021,0.222
Maluku Utara,2/9/2021,0.273
Maluku Utara,2/10/2021,0.329
Maluku Utara,2/11/2021,0.386
Maluku Utara,2/12/2021,0.395
Maluku Utara,2/13/2021,0.421
Maluku Utara,2/14/2021,0.422
Maluku Utara,2/15/2021,0.495
Maluku Utara,2/16/2021,0.554
Maluku Utara,2/17/2021,0.638
Maluku Utara,2/18/2021,0.764
Maluku Utara,2/19/2021,0.977
Maluku Utara,2/20/2021,1.235
Maluku Utara,2/21/2021,1.287
Maluku Utara,2/22/2021,1.525
Maluku Utara,2/23/2021,1.996
Maluku Utara,2/24/2021,2.624
Maluku Utara,2/25/2021,3.141
Maluku Utara,2/26/2021,3.314
Maluku Utara,2/27/2021,3.524
Maluku Utara,2/28/2021,3.537
Maluku Utara,3/1/2021,3.979
Maluku Utara,3/2/2021,4.508
Maluku Utara,3/3/2021,4.846
Maluku Utara,3/4/2021,5.185
Maluku Utara,3/5/2021,5.412
Maluku Utara,3/6/2021,5.62
Maluku Utara,3/7/2021,5.637
Maluku Utara,3/8/2021,5.969
Maluku Utara,3/9/2021,6.243
Maluku Utara,3/10/2021,6.546
Maluku Utara,3/11/2021,6.608
Maluku Utara,3/12/2021,6.707
Maluku Utara,3/13/2021,6.848
Maluku Utara,3/14/2021,6.853
Maluku Utara,3/15/2021,7.094
Maluku Utara,3/16/2021,7.383
Maluku Utara,3/17/2021,7.583
Maluku Utara,3/18/2021,7.854
Maluku Utara,3/19/2021,8.057
Maluku Utara,3/20/2021,8.173
Maluku Utara,3/21/2021,8.174
Maluku Utara,3/22/2021,8.413
Maluku Utara,3/23/2021,8.745
Maluku Utara,3/24/2021,8.989
Maluku Utara,3/25/2021,9.053
Maluku Utara,3/26/2021,9.353
Maluku Utara,3/27/2021,9.436
Maluku Utara,3/28/2021,9.452
Maluku Utara,3/29/2021,10.017
Maluku Utara,3/30/2021,10.429
Maluku Utara,3/31/2021,10.747
Maluku Utara,4/1/2021,11.187
Maluku Utara,4/2/2021,11.221
Maluku Utara,4/3/2021,11.424
Maluku Utara,4/5/2021,11.952
Maluku Utara,4/6/2021,12.342
Maluku Utara,4/7/2021,12.732
Maluku Utara,4/8/2021,13.066
Maluku Utara,4/9/2021,13.367
Maluku Utara,4/10/2021,13.493
Maluku Utara,4/11/2021,13.503
Maluku Utara,4/12/2021,13.884
Maluku Utara,4/13/2021,14.112
Maluku Utara,4/14/2021,14.342
Maluku Utara,4/15/2021,14.496
Maluku Utara,4/16/2021,14.693
Maluku Utara,4/17/2021,14.723
Maluku Utara,4/18/2021,14.723
Maluku Utara,4/19/2021,15.068
Maluku Utara,4/20/2021,15.386
Maluku Utara,4/21/2021,15.726
Maluku Utara,4/22/2021,16.102
Maluku Utara,4/23/2021,16.413
Maluku Utara,4/24/2021,16.542
Maluku Utara,4/25/2021,16.556
Nusa Tenggara Barat,1/14/2021,0
Nusa Tenggara Barat,1/15/2021,0
Nusa Tenggara Barat,1/16/2021,0
Nusa Tenggara Barat,1/18/2021,0
Nusa Tenggara Barat,1/19/2021,0
Nusa Tenggara Barat,1/20/2021,0
Nusa Tenggara Barat,1/21/2021,0
Nusa Tenggara Barat,1/22/2021,0
Nusa Tenggara Barat,1/23/2021,0
Nusa Tenggara Barat,1/25/2021,0
Nusa Tenggara Barat,1/26/2021,0
Nusa Tenggara Barat,1/27/2021,0
Nusa Tenggara Barat,1/28/2021,0.04
Nusa Tenggara Barat,1/29/2021,0.084
Nusa Tenggara Barat,1/30/2021,0.156
Nusa Tenggara Barat,1/31/2021,0.157
Nusa Tenggara Barat,2/1/2021,0.426
Nusa Tenggara Barat,2/2/2021,0.696
Nusa Tenggara Barat,2/3/2021,1.235
Nusa Tenggara Barat,2/4/2021,1.76
Nusa Tenggara Barat,2/5/2021,2.042
Nusa Tenggara Barat,2/6/2021,2.356
Nusa Tenggara Barat,2/7/2021,2.356
Nusa Tenggara Barat,2/8/2021,2.903
Nusa Tenggara Barat,2/9/2021,3.365
Nusa Tenggara Barat,2/10/2021,3.801
Nusa Tenggara Barat,2/11/2021,4.14
Nusa Tenggara Barat,2/12/2021,4.214
Nusa Tenggara Barat,2/13/2021,4.547
Nusa Tenggara Barat,2/14/2021,4.553
Nusa Tenggara Barat,2/15/2021,5.106
Nusa Tenggara Barat,2/16/2021,5.905
Nusa Tenggara Barat,2/17/2021,7.237
Nusa Tenggara Barat,2/18/2021,8.712
Nusa Tenggara Barat,2/19/2021,9.658
Nusa Tenggara Barat,2/20/2021,10.883
Nusa Tenggara Barat,2/21/2021,10.883
Nusa Tenggara Barat,2/22/2021,11.987
Nusa Tenggara Barat,2/23/2021,13.263
Nusa Tenggara Barat,2/24/2021,14.353
Nusa Tenggara Barat,2/25/2021,15.337
Nusa Tenggara Barat,2/26/2021,15.557
Nusa Tenggara Barat,2/27/2021,16.176
Nusa Tenggara Barat,2/28/2021,16.176
Nusa Tenggara Barat,3/1/2021,17.206
Nusa Tenggara Barat,3/2/2021,18.213
Nusa Tenggara Barat,3/3/2021,19.131
Nusa Tenggara Barat,3/4/2021,19.877
Nusa Tenggara Barat,3/5/2021,20.295
Nusa Tenggara Barat,3/6/2021,20.671
Nusa Tenggara Barat,3/7/2021,20.675
Nusa Tenggara Barat,3/8/2021,21.288
Nusa Tenggara Barat,3/9/2021,21.731
Nusa Tenggara Barat,3/10/2021,22.355
Nusa Tenggara Barat,3/11/2021,22.372
Nusa Tenggara Barat,3/12/2021,22.724
Nusa Tenggara Barat,3/13/2021,23.053
Nusa Tenggara Barat,3/14/2021,23.064
Nusa Tenggara Barat,3/15/2021,23.553
Nusa Tenggara Barat,3/16/2021,23.894
Nusa Tenggara Barat,3/17/2021,24.401
Nusa Tenggara Barat,3/18/2021,25.578
Nusa Tenggara Barat,3/19/2021,26.274
Nusa Tenggara Barat,3/20/2021,26.704
Nusa Tenggara Barat,3/21/2021,26.718
Nusa Tenggara Barat,3/22/2021,29.241
Nusa Tenggara Barat,3/23/2021,32.252
Nusa Tenggara Barat,3/24/2021,36.57
Nusa Tenggara Barat,3/25/2021,36.942
Nusa Tenggara Barat,3/26/2021,38.132
Nusa Tenggara Barat,3/27/2021,38.987
Nusa Tenggara Barat,3/28/2021,38.993
Nusa Tenggara Barat,3/29/2021,41.173
Nusa Tenggara Barat,3/30/2021,43.871
Nusa Tenggara Barat,3/31/2021,46.285
Nusa Tenggara Barat,4/1/2021,47.997
Nusa Tenggara Barat,4/2/2021,48.065
Nusa Tenggara Barat,4/3/2021,49.808
Nusa Tenggara Barat,4/4/2021,49.875
Nusa Tenggara Barat,4/5/2021,52.891
Nusa Tenggara Barat,4/6/2021,56.512
Nusa Tenggara Barat,4/7/2021,59.378
Nusa Tenggara Barat,4/8/2021,62.194
Nusa Tenggara Barat,4/9/2021,63.468
Nusa Tenggara Barat,4/10/2021,65.153
Nusa Tenggara Barat,4/11/2021,65.286
Nusa Tenggara Barat,4/12/2021,69.276
Nusa Tenggara Barat,4/13/2021,70.401
Nusa Tenggara Barat,4/14/2021,71.4
Nusa Tenggara Barat,4/15/2021,73.006
Nusa Tenggara Barat,4/16/2021,73.783
Nusa Tenggara Barat,4/17/2021,74.655
Nusa Tenggara Barat,4/18/2021,74.663
Nusa Tenggara Barat,4/19/2021,77.14
Nusa Tenggara Barat,4/20/2021,80.375
Nusa Tenggara Barat,4/21/2021,83.22
Nusa Tenggara Barat,4/22/2021,85.903
Nusa Tenggara Barat,4/23/2021,87.307
Nusa Tenggara Barat,4/24/2021,89.727
Nusa Tenggara Barat,4/25/2021,89.732
Nusa Tenggara Timur,1/9/2021,0
Nusa Tenggara Timur,1/12/2021,0
Nusa Tenggara Timur,1/14/2021,0
Nusa Tenggara Timur,1/15/2021,0.001
Nusa Tenggara Timur,1/16/2021,0.001
Nusa Tenggara Timur,1/18/2021,0.001
Nusa Tenggara Timur,1/19/2021,0.001
Nusa Tenggara Timur,1/20/2021,0.002
Nusa Tenggara Timur,1/21/2021,0.002
Nusa Tenggara Timur,1/22/2021,0.005
Nusa Tenggara Timur,1/23/2021,0.005
Nusa Tenggara Timur,1/24/2021,0.006
Nusa Tenggara Timur,1/25/2021,0.006
Nusa Tenggara Timur,1/26/2021,0.006
Nusa Tenggara Timur,1/27/2021,0.006
Nusa Tenggara Timur,1/28/2021,0.011
Nusa Tenggara Timur,1/29/2021,0.026
Nusa Tenggara Timur,1/30/2021,0.027
Nusa Tenggara Timur,1/31/2021,0.027
Nusa Tenggara Timur,2/1/2021,0.066
Nusa Tenggara Timur,2/2/2021,0.198
Nusa Tenggara Timur,2/3/2021,0.369
Nusa Tenggara Timur,2/4/2021,0.648
Nusa Tenggara Timur,2/5/2021,0.852
Nusa Tenggara Timur,2/6/2021,1.145
Nusa Tenggara Timur,2/7/2021,1.174
Nusa Tenggara Timur,2/8/2021,1.358
Nusa Tenggara Timur,2/9/2021,1.535
Nusa Tenggara Timur,2/10/2021,1.737
Nusa Tenggara Timur,2/11/2021,1.943
Nusa Tenggara Timur,2/12/2021,1.97
Nusa Tenggara Timur,2/13/2021,2.044
Nusa Tenggara Timur,2/14/2021,2.047
Nusa Tenggara Timur,2/15/2021,2.157
Nusa Tenggara Timur,2/16/2021,2.524
Nusa Tenggara Timur,2/17/2021,3.814
Nusa Tenggara Timur,2/18/2021,5.817
Nusa Tenggara Timur,2/19/2021,8.345
Nusa Tenggara Timur,2/20/2021,11.548
Nusa Tenggara Timur,2/21/2021,12.469
Nusa Tenggara Timur,2/22/2021,15.864
Nusa Tenggara Timur,2/23/2021,18.486
Nusa Tenggara Timur,2/24/2021,20.848
Nusa Tenggara Timur,2/25/2021,22.376
Nusa Tenggara Timur,2/26/2021,22.616
Nusa Tenggara Timur,2/27/2021,23.346
Nusa Tenggara Timur,2/28/2021,23.356
Nusa Tenggara Timur,3/1/2021,24.168
Nusa Tenggara Timur,3/2/2021,24.854
Nusa Tenggara Timur,3/3/2021,25.46
Nusa Tenggara Timur,3/4/2021,26.086
Nusa Tenggara Timur,3/5/2021,26.519
Nusa Tenggara Timur,3/6/2021,26.925
Nusa Tenggara Timur,3/7/2021,26.935
Nusa Tenggara Timur,3/8/2021,27.445
Nusa Tenggara Timur,3/9/2021,27.853
Nusa Tenggara Timur,3/10/2021,28.294
Nusa Tenggara Timur,3/11/2021,28.367
Nusa Tenggara Timur,3/12/2021,28.574
Nusa Tenggara Timur,3/13/2021,28.847
Nusa Tenggara Timur,3/14/2021,28.848
Nusa Tenggara Timur,3/15/2021,29.124
Nusa Tenggara Timur,3/16/2021,29.412
Nusa Tenggara Timur,3/17/2021,29.729
Nusa Tenggara Timur,3/18/2021,30.452
Nusa Tenggara Timur,3/19/2021,31.512
Nusa Tenggara Timur,3/20/2021,31.942
Nusa Tenggara Timur,3/21/2021,31.949
Nusa Tenggara Timur,3/22/2021,33.724
Nusa Tenggara Timur,3/23/2021,36.282
Nusa Tenggara Timur,3/24/2021,38.941
Nusa Tenggara Timur,3/25/2021,39.93
Nusa Tenggara Timur,3/26/2021,42.094
Nusa Tenggara Timur,3/27/2021,43.027
Nusa Tenggara Timur,3/28/2021,43.036
Nusa Tenggara Timur,3/29/2021,45.561
Nusa Tenggara Timur,3/30/2021,49.013
Nusa Tenggara Timur,3/31/2021,51.827
Nusa Tenggara Timur,4/1/2021,53.98
Nusa Tenggara Timur,4/2/2021,54.014
Nusa Tenggara Timur,4/3/2021,55.011
Nusa Tenggara Timur,4/4/2021,55.014
Nusa Tenggara Timur,4/5/2021,55.848
Nusa Tenggara Timur,4/6/2021,57.988
Nusa Tenggara Timur,4/7/2021,59.489
Nusa Tenggara Timur,4/8/2021,63.152
Nusa Tenggara Timur,4/9/2021,65.989
Nusa Tenggara Timur,4/10/2021,67.659
Nusa Tenggara Timur,4/11/2021,67.659
Nusa Tenggara Timur,4/12/2021,70.293
Nusa Tenggara Timur,4/13/2021,72.536
Nusa Tenggara Timur,4/14/2021,74.605
Nusa Tenggara Timur,4/15/2021,76.688
Nusa Tenggara Timur,4/16/2021,77.744
Nusa Tenggara Timur,4/17/2021,78.782
Nusa Tenggara Timur,4/18/2021,78.823
Nusa Tenggara Timur,4/19/2021,79.562
Nusa Tenggara Timur,4/20/2021,80.27
Nusa Tenggara Timur,4/21/2021,81.181
Nusa Tenggara Timur,4/22/2021,82.263
Nusa Tenggara Timur,4/23/2021,83.628
Nusa Tenggara Timur,4/24/2021,84.696
Nusa Tenggara Timur,4/25/2021,84.696
Papua,1/13/2021,0
Papua,1/14/2021,0
Papua,1/15/2021,0
Papua,1/16/2021,0
Papua,1/18/2021,0
Papua,1/19/2021,0
Papua,1/20/2021,0
Papua,1/21/2021,0
Papua,1/22/2021,0.001
Papua,1/23/2021,0.002
Papua,1/24/2021,0.002
Papua,1/25/2021,0.002
Papua,1/26/2021,0.002
Papua,1/27/2021,0.003
Papua,1/28/2021,0.005
Papua,1/29/2021,0.018
Papua,1/30/2021,0.027
Papua,2/1/2021,0.057
Papua,2/2/2021,0.148
Papua,2/3/2021,0.22
Papua,2/4/2021,0.31
Papua,2/5/2021,0.385
Papua,2/6/2021,0.544
Papua,2/7/2021,0.545
Papua,2/8/2021,0.747
Papua,2/9/2021,0.883
Papua,2/10/2021,1.066
Papua,2/11/2021,1.314
Papua,2/12/2021,1.45
Papua,2/13/2021,1.736
Papua,2/14/2021,1.736
Papua,2/15/2021,1.929
Papua,2/16/2021,2.236
Papua,2/17/2021,2.419
Papua,2/18/2021,2.902
Papua,2/19/2021,3.124
Papua,2/20/2021,3.28
Papua,2/21/2021,3.323
Papua,2/22/2021,3.834
Papua,2/23/2021,4.349
Papua,2/24/2021,4.888
Papua,2/25/2021,5.661
Papua,2/26/2021,5.843
Papua,2/27/2021,6.132
Papua,2/28/2021,6.161
Papua,3/1/2021,6.427
Papua,3/2/2021,7.1
Papua,3/3/2021,7.687
Papua,3/4/2021,8.322
Papua,3/5/2021,8.968
Papua,3/6/2021,9.381
Papua,3/7/2021,9.397
Papua,3/8/2021,10.127
Papua,3/9/2021,10.906
Papua,3/10/2021,11.357
Papua,3/11/2021,11.686
Papua,3/12/2021,12.184
Papua,3/13/2021,12.627
Papua,3/14/2021,12.643
Papua,3/15/2021,13.148
Papua,3/16/2021,13.753
Papua,3/17/2021,14.17
Papua,3/18/2021,14.655
Papua,3/19/2021,15.165
Papua,3/20/2021,15.535
Papua,3/21/2021,15.569
Papua,3/22/2021,17.04
Papua,3/23/2021,19.576
Papua,3/24/2021,22.538
Papua,3/25/2021,23.495
Papua,3/26/2021,26.087
Papua,3/27/2021,27.272
Papua,3/28/2021,27.318
Papua,3/29/2021,28.333
Papua,3/30/2021,30.101
Papua,3/31/2021,30.907
Papua,4/1/2021,32.216
Papua,4/2/2021,32.243
Papua,4/3/2021,32.976
Papua,4/4/2021,32.994
Papua,4/5/2021,33.511
Papua,4/6/2021,34.755
Papua,4/7/2021,35.457
Papua,4/8/2021,36.357
Papua,4/9/2021,37.408
Papua,4/10/2021,38.362
Papua,4/11/2021,38.377
Papua,4/12/2021,41.31
Papua,4/13/2021,42.662
Papua,4/14/2021,44.801
Papua,4/15/2021,47.704
Papua,4/16/2021,50.615
Papua,4/17/2021,53.225
Papua,4/18/2021,53.244
Papua,4/19/2021,55.271
Papua,4/20/2021,57.504
Papua,4/21/2021,60.417
Papua,4/22/2021,64.148
Papua,4/23/2021,67.291
Papua,4/24/2021,69.675
Papua,4/25/2021,70.024
Papua Barat,1/14/2021,0
Papua Barat,1/15/2021,0
Papua Barat,1/17/2021,0
Papua Barat,1/18/2021,0
Papua Barat,1/19/2021,0
Papua Barat,1/20/2021,0
Papua Barat,1/21/2021,0
Papua Barat,1/22/2021,0
Papua Barat,1/23/2021,0
Papua Barat,1/25/2021,0
Papua Barat,1/26/2021,0
Papua Barat,1/27/2021,0
Papua Barat,1/28/2021,0.004
Papua Barat,1/29/2021,0.02
Papua Barat,1/30/2021,0.023
Papua Barat,1/31/2021,0.023
Papua Barat,2/1/2021,0.076
Papua Barat,2/2/2021,0.122
Papua Barat,2/3/2021,0.215
Papua Barat,2/4/2021,0.409
Papua Barat,2/5/2021,0.439
Papua Barat,2/6/2021,0.522
Papua Barat,2/7/2021,0.523
Papua Barat,2/8/2021,0.763
Papua Barat,2/9/2021,0.828
Papua Barat,2/10/2021,0.903
Papua Barat,2/11/2021,0.936
Papua Barat,2/12/2021,0.937
Papua Barat,2/13/2021,0.973
Papua Barat,2/14/2021,0.999
Papua Barat,2/15/2021,1.234
Papua Barat,2/16/2021,1.491
Papua Barat,2/17/2021,1.737
Papua Barat,2/18/2021,2.335
Papua Barat,2/19/2021,2.382
Papua Barat,2/20/2021,2.798
Papua Barat,2/22/2021,3.412
Papua Barat,2/23/2021,3.812
Papua Barat,2/24/2021,4.456
Papua Barat,2/25/2021,4.754
Papua Barat,2/26/2021,4.859
Papua Barat,2/27/2021,5.153
Papua Barat,2/28/2021,5.206
Papua Barat,3/1/2021,5.444
Papua Barat,3/2/2021,5.572
Papua Barat,3/3/2021,5.671
Papua Barat,3/4/2021,5.958
Papua Barat,3/5/2021,6.032
Papua Barat,3/6/2021,6.124
Papua Barat,3/7/2021,6.129
Papua Barat,3/8/2021,6.256
Papua Barat,3/9/2021,6.355
Papua Barat,3/10/2021,6.512
Papua Barat,3/11/2021,6.536
Papua Barat,3/12/2021,6.572
Papua Barat,3/13/2021,6.672
Papua Barat,3/14/2021,6.679
Papua Barat,3/15/2021,6.772
Papua Barat,3/16/2021,6.886
Papua Barat,3/17/2021,8.297
Papua Barat,3/18/2021,9.378
Papua Barat,3/19/2021,10.358
Papua Barat,3/20/2021,10.61
Papua Barat,3/21/2021,10.618
Papua Barat,3/22/2021,11.387
Papua Barat,3/23/2021,11.941
Papua Barat,3/24/2021,12.532
Papua Barat,3/25/2021,12.616
Papua Barat,3/26/2021,12.762
Papua Barat,3/27/2021,12.988
Papua Barat,3/28/2021,12.989
Papua Barat,3/29/2021,13.379
Papua Barat,3/30/2021,13.507
Papua Barat,3/31/2021,13.705
Papua Barat,4/1/2021,13.897
Papua Barat,4/2/2021,13.905
Papua Barat,4/3/2021,13.932
Papua Barat,4/4/2021,13.932
Papua Barat,4/5/2021,13.958
Papua Barat,4/6/2021,14.047
Papua Barat,4/7/2021,14.099
Papua Barat,4/8/2021,14.135
Papua Barat,4/9/2021,14.15
Papua Barat,4/10/2021,14.175
Papua Barat,4/11/2021,14.175
Papua Barat,4/12/2021,14.204
Papua Barat,4/13/2021,14.266
Papua Barat,4/14/2021,14.313
Papua Barat,4/15/2021,14.445
Papua Barat,4/16/2021,14.646
Papua Barat,4/17/2021,14.898
Papua Barat,4/18/2021,14.9
Papua Barat,4/19/2021,15.661
Papua Barat,4/20/2021,16.767
Papua Barat,4/21/2021,17.919
Papua Barat,4/22/2021,18.352
Papua Barat,4/23/2021,18.555
Papua Barat,4/24/2021,18.739
Papua Barat,4/25/2021,18.741
Riau,1/9/2021,0
Riau,1/13/2021,0
Riau,1/14/2021,0
Riau,1/15/2021,0
Riau,1/16/2021,0.001
Riau,1/17/2021,0.001
Riau,1/18/2021,0.001
Riau,1/19/2021,0.001
Riau,1/20/2021,0.001
Riau,1/21/2021,0.001
Riau,1/22/2021,0.001
Riau,1/23/2021,0.001
Riau,1/24/2021,0.001
Riau,1/25/2021,0.003
Riau,1/26/2021,0.003
Riau,1/27/2021,0.004
Riau,1/28/2021,0.053
Riau,1/29/2021,0.186
Riau,1/30/2021,0.25
Riau,1/31/2021,0.253
Riau,2/1/2021,0.41
Riau,2/2/2021,0.538
Riau,2/3/2021,0.846
Riau,2/4/2021,1.315
Riau,2/5/2021,1.859
Riau,2/6/2021,2.161
Riau,2/7/2021,2.161
Riau,2/8/2021,2.629
Riau,2/9/2021,3.163
Riau,2/10/2021,3.73
Riau,2/11/2021,4.342
Riau,2/12/2021,5.001
Riau,2/13/2021,6.007
Riau,2/14/2021,6.068
Riau,2/15/2021,8.034
Riau,2/16/2021,10.379
Riau,2/17/2021,12.179
Riau,2/18/2021,14.19
Riau,2/19/2021,15.951
Riau,2/20/2021,17.32
Riau,2/21/2021,17.66
Riau,2/22/2021,18.918
Riau,2/23/2021,19.979
Riau,2/24/2021,21.147
Riau,2/25/2021,21.917
Riau,2/26/2021,22.117
Riau,2/27/2021,22.607
Riau,2/28/2021,22.613
Riau,3/1/2021,23.411
Riau,3/2/2021,24.147
Riau,3/3/2021,24.787
Riau,3/4/2021,25.421
Riau,3/5/2021,26.057
Riau,3/6/2021,26.444
Riau,3/7/2021,26.456
Riau,3/8/2021,26.979
Riau,3/9/2021,27.641
Riau,3/10/2021,28.064
Riau,3/11/2021,28.112
Riau,3/12/2021,28.401
Riau,3/13/2021,28.722
Riau,3/14/2021,28.729
Riau,3/15/2021,30.446
Riau,3/16/2021,31.759
Riau,3/17/2021,32.958
Riau,3/18/2021,35.461
Riau,3/19/2021,37.483
Riau,3/20/2021,38.667
Riau,3/21/2021,38.672
Riau,3/22/2021,41.197
Riau,3/23/2021,45.025
Riau,3/24/2021,48.831
Riau,3/25/2021,49.668
Riau,3/26/2021,51.153
Riau,3/27/2021,52.097
Riau,3/28/2021,52.1
Riau,3/29/2021,53.76
Riau,3/30/2021,55.716
Riau,3/31/2021,57.096
Riau,4/1/2021,59.211
Riau,4/2/2021,59.295
Riau,4/3/2021,60.834
Riau,4/4/2021,60.838
Riau,4/5/2021,64.478
Riau,4/6/2021,69.583
Riau,4/7/2021,74.749
Riau,4/8/2021,80.464
Riau,4/9/2021,84.88
Riau,4/10/2021,88.236
Riau,4/11/2021,88.312
Riau,4/12/2021,92.09
Riau,4/13/2021,93.884
Riau,4/14/2021,96.06
Riau,4/15/2021,98.38
Riau,4/16/2021,100.279
Riau,4/17/2021,101.689
Riau,4/18/2021,102.056
Riau,4/19/2021,104.803
Riau,4/20/2021,108.085
Riau,4/21/2021,111.717
Riau,4/22/2021,115.852
Riau,4/23/2021,118.678
Riau,4/24/2021,120.638
Riau,4/25/2021,120.7
Sulawesi Barat,1/29/2021,0
Sulawesi Barat,2/2/2021,0
Sulawesi Barat,2/3/2021,0
Sulawesi Barat,2/4/2021,0
Sulawesi Barat,2/5/2021,0
Sulawesi Barat,2/6/2021,0
Sulawesi Barat,2/7/2021,0
Sulawesi Barat,2/8/2021,0
Sulawesi Barat,2/9/2021,0
Sulawesi Barat,2/10/2021,0
Sulawesi Barat,2/11/2021,0.001
Sulawesi Barat,2/12/2021,0.001
Sulawesi Barat,2/13/2021,0.001
Sulawesi Barat,2/14/2021,0.001
Sulawesi Barat,2/15/2021,0.001
Sulawesi Barat,2/16/2021,0.019
Sulawesi Barat,2/17/2021,0.085
Sulawesi Barat,2/18/2021,0.25
Sulawesi Barat,2/19/2021,1.242
Sulawesi Barat,2/20/2021,2.299
Sulawesi Barat,2/21/2021,2.433
Sulawesi Barat,2/22/2021,2.98
Sulawesi Barat,2/23/2021,3.179
Sulawesi Barat,2/24/2021,3.749
Sulawesi Barat,2/25/2021,4.501
Sulawesi Barat,2/26/2021,4.771
Sulawesi Barat,2/27/2021,4.889
Sulawesi Barat,2/28/2021,4.889
Sulawesi Barat,3/1/2021,5.096
Sulawesi Barat,3/2/2021,5.174
Sulawesi Barat,3/3/2021,5.274
Sulawesi Barat,3/4/2021,5.389
Sulawesi Barat,3/5/2021,5.543
Sulawesi Barat,3/6/2021,5.82
Sulawesi Barat,3/7/2021,5.852
Sulawesi Barat,3/8/2021,6.149
Sulawesi Barat,3/9/2021,6.216
Sulawesi Barat,3/10/2021,6.367
Sulawesi Barat,3/11/2021,6.466
Sulawesi Barat,3/12/2021,6.675
Sulawesi Barat,3/13/2021,6.744
Sulawesi Barat,3/15/2021,6.782
Sulawesi Barat,3/16/2021,6.843
Sulawesi Barat,3/17/2021,6.916
Sulawesi Barat,3/18/2021,7.128
Sulawesi Barat,3/19/2021,7.479
Sulawesi Barat,3/20/2021,7.7
Sulawesi Barat,3/21/2021,7.706
Sulawesi Barat,3/22/2021,8.705
Sulawesi Barat,3/23/2021,10.434
Sulawesi Barat,3/24/2021,11.806
Sulawesi Barat,3/25/2021,11.879
Sulawesi Barat,3/26/2021,12.049
Sulawesi Barat,3/27/2021,12.149
Sulawesi Barat,3/28/2021,12.149
Sulawesi Barat,3/29/2021,12.561
Sulawesi Barat,3/30/2021,13.118
Sulawesi Barat,3/31/2021,14.242
Sulawesi Barat,4/1/2021,15.76
Sulawesi Barat,4/2/2021,16.639
Sulawesi Barat,4/3/2021,16.828
Sulawesi Barat,4/5/2021,17.081
Sulawesi Barat,4/6/2021,17.629
Sulawesi Barat,4/7/2021,19.454
Sulawesi Barat,4/8/2021,19.757
Sulawesi Barat,4/9/2021,20.196
Sulawesi Barat,4/10/2021,20.721
Sulawesi Barat,4/11/2021,20.768
Sulawesi Barat,4/12/2021,21.118
Sulawesi Barat,4/13/2021,21.183
Sulawesi Barat,4/14/2021,21.24
Sulawesi Barat,4/15/2021,21.542
Sulawesi Barat,4/16/2021,21.583
Sulawesi Barat,4/17/2021,21.663
Sulawesi Barat,4/18/2021,21.664
Sulawesi Barat,4/19/2021,21.792
Sulawesi Barat,4/20/2021,21.986
Sulawesi Barat,4/21/2021,22.232
Sulawesi Barat,4/22/2021,22.41
Sulawesi Barat,4/23/2021,22.468
Sulawesi Barat,4/24/2021,22.576
Sulawesi Barat,4/25/2021,22.576
Sulawesi Selatan,1/13/2021,0
Sulawesi Selatan,1/14/2021,0.001
Sulawesi Selatan,1/15/2021,0.001
Sulawesi Selatan,1/16/2021,0.002
Sulawesi Selatan,1/18/2021,0.002
Sulawesi Selatan,1/19/2021,0.002
Sulawesi Selatan,1/20/2021,0.002
Sulawesi Selatan,1/21/2021,0.002
Sulawesi Selatan,1/22/2021,0.004
Sulawesi Selatan,1/23/2021,0.006
Sulawesi Selatan,1/24/2021,0.006
Sulawesi Selatan,1/25/2021,0.006
Sulawesi Selatan,1/26/2021,0.008
Sulawesi Selatan,1/27/2021,0.008
Sulawesi Selatan,1/28/2021,0.08
Sulawesi Selatan,1/29/2021,0.13
Sulawesi Selatan,1/30/2021,0.226
Sulawesi Selatan,1/31/2021,0.226
Sulawesi Selatan,2/1/2021,0.321
Sulawesi Selatan,2/2/2021,0.466
Sulawesi Selatan,2/3/2021,0.672
Sulawesi Selatan,2/4/2021,0.923
Sulawesi Selatan,2/5/2021,1.139
Sulawesi Selatan,2/6/2021,1.317
Sulawesi Selatan,2/7/2021,1.317
Sulawesi Selatan,2/8/2021,1.667
Sulawesi Selatan,2/9/2021,2.01
Sulawesi Selatan,2/10/2021,2.456
Sulawesi Selatan,2/11/2021,2.945
Sulawesi Selatan,2/12/2021,2.977
Sulawesi Selatan,2/13/2021,3.246
Sulawesi Selatan,2/14/2021,3.249
Sulawesi Selatan,2/15/2021,4.58
Sulawesi Selatan,2/16/2021,7.795
Sulawesi Selatan,2/17/2021,12.473
Sulawesi Selatan,2/18/2021,17.701
Sulawesi Selatan,2/19/2021,21.428
Sulawesi Selatan,2/20/2021,24.222
Sulawesi Selatan,2/21/2021,24.378
Sulawesi Selatan,2/22/2021,26.715
Sulawesi Selatan,2/23/2021,28.607
Sulawesi Selatan,2/24/2021,30.328
Sulawesi Selatan,2/25/2021,32.066
Sulawesi Selatan,2/26/2021,32.352
Sulawesi Selatan,2/27/2021,33.236
Sulawesi Selatan,2/28/2021,33.271
Sulawesi Selatan,3/1/2021,34.62
Sulawesi Selatan,3/2/2021,36.031
Sulawesi Selatan,3/3/2021,37.63
Sulawesi Selatan,3/4/2021,39.098
Sulawesi Selatan,3/5/2021,40.277
Sulawesi Selatan,3/6/2021,41.272
Sulawesi Selatan,3/7/2021,41.346
Sulawesi Selatan,3/8/2021,42.427
Sulawesi Selatan,3/9/2021,43.291
Sulawesi Selatan,3/10/2021,44.448
Sulawesi Selatan,3/11/2021,44.568
Sulawesi Selatan,3/12/2021,45.489
Sulawesi Selatan,3/13/2021,46.03
Sulawesi Selatan,3/14/2021,46.068
Sulawesi Selatan,3/15/2021,47.086
Sulawesi Selatan,3/16/2021,49.203
Sulawesi Selatan,3/17/2021,52.853
Sulawesi Selatan,3/18/2021,58.19
Sulawesi Selatan,3/19/2021,63.495
Sulawesi Selatan,3/20/2021,66.738
Sulawesi Selatan,3/21/2021,66.831
Sulawesi Selatan,3/22/2021,74.299
Sulawesi Selatan,3/23/2021,81.245
Sulawesi Selatan,3/24/2021,88.752
Sulawesi Selatan,3/25/2021,90.508
Sulawesi Selatan,3/26/2021,95.118
Sulawesi Selatan,3/27/2021,97.895
Sulawesi Selatan,3/28/2021,98.013
Sulawesi Selatan,3/29/2021,101.588
Sulawesi Selatan,3/30/2021,106.403
Sulawesi Selatan,3/31/2021,112.874
Sulawesi Selatan,4/1/2021,118.71
Sulawesi Selatan,4/2/2021,119.257
Sulawesi Selatan,4/3/2021,124.95
Sulawesi Selatan,4/4/2021,125.438
Sulawesi Selatan,4/5/2021,134.402
Sulawesi Selatan,4/6/2021,139.345
Sulawesi Selatan,4/7/2021,143.624
Sulawesi Selatan,4/8/2021,147.371
Sulawesi Selatan,4/9/2021,152.273
Sulawesi Selatan,4/10/2021,158.709
Sulawesi Selatan,4/11/2021,160.128
Sulawesi Selatan,4/12/2021,170.909
Sulawesi Selatan,4/13/2021,175.56
Sulawesi Selatan,4/14/2021,181.432
Sulawesi Selatan,4/15/2021,187.748
Sulawesi Selatan,4/16/2021,191.043
Sulawesi Selatan,4/17/2021,195.709
Sulawesi Selatan,4/18/2021,195.741
Sulawesi Selatan,4/19/2021,201.044
Sulawesi Selatan,4/20/2021,208.929
Sulawesi Selatan,4/21/2021,215.655
Sulawesi Selatan,4/22/2021,223.295
Sulawesi Selatan,4/23/2021,229.212
Sulawesi Selatan,4/24/2021,235.123
Sulawesi Selatan,4/25/2021,235.17
Sulawesi Tengah,1/14/2021,0.001
Sulawesi Tengah,1/15/2021,0.001
Sulawesi Tengah,1/16/2021,0.001
Sulawesi Tengah,1/18/2021,0.001
Sulawesi Tengah,1/19/2021,0.001
Sulawesi Tengah,1/20/2021,0.001
Sulawesi Tengah,1/21/2021,0.003
Sulawesi Tengah,1/22/2021,0.003
Sulawesi Tengah,1/23/2021,0.004
Sulawesi Tengah,1/24/2021,0.004
Sulawesi Tengah,1/25/2021,0.005
Sulawesi Tengah,1/26/2021,0.005
Sulawesi Tengah,1/27/2021,0.005
Sulawesi Tengah,1/28/2021,0.08
Sulawesi Tengah,1/29/2021,0.224
Sulawesi Tengah,1/30/2021,0.314
Sulawesi Tengah,1/31/2021,0.314
Sulawesi Tengah,2/1/2021,0.483
Sulawesi Tengah,2/2/2021,0.694
Sulawesi Tengah,2/3/2021,0.92
Sulawesi Tengah,2/4/2021,1.18
Sulawesi Tengah,2/5/2021,1.442
Sulawesi Tengah,2/6/2021,1.586
Sulawesi Tengah,2/7/2021,1.587
Sulawesi Tengah,2/8/2021,1.731
Sulawesi Tengah,2/9/2021,1.953
Sulawesi Tengah,2/10/2021,2.174
Sulawesi Tengah,2/11/2021,2.387
Sulawesi Tengah,2/12/2021,2.449
Sulawesi Tengah,2/13/2021,2.669
Sulawesi Tengah,2/14/2021,2.671
Sulawesi Tengah,2/15/2021,2.979
Sulawesi Tengah,2/16/2021,3.364
Sulawesi Tengah,2/17/2021,4.033
Sulawesi Tengah,2/18/2021,5.105
Sulawesi Tengah,2/19/2021,6.298
Sulawesi Tengah,2/20/2021,7.33
Sulawesi Tengah,2/21/2021,7.482
Sulawesi Tengah,2/22/2021,8.85
Sulawesi Tengah,2/23/2021,10.63
Sulawesi Tengah,2/24/2021,12.583
Sulawesi Tengah,2/25/2021,13.836
Sulawesi Tengah,2/26/2021,14.03
Sulawesi Tengah,2/27/2021,14.766
Sulawesi Tengah,2/28/2021,14.769
Sulawesi Tengah,3/1/2021,15.302
Sulawesi Tengah,3/2/2021,15.807
Sulawesi Tengah,3/3/2021,16.115
Sulawesi Tengah,3/4/2021,16.429
Sulawesi Tengah,3/5/2021,16.707
Sulawesi Tengah,3/6/2021,16.93
Sulawesi Tengah,3/7/2021,16.947
Sulawesi Tengah,3/8/2021,17.269
Sulawesi Tengah,3/9/2021,17.544
Sulawesi Tengah,3/10/2021,17.953
Sulawesi Tengah,3/11/2021,18.03
Sulawesi Tengah,3/12/2021,18.215
Sulawesi Tengah,3/13/2021,18.603
Sulawesi Tengah,3/14/2021,18.609
Sulawesi Tengah,3/15/2021,19.129
Sulawesi Tengah,3/16/2021,19.721
Sulawesi Tengah,3/17/2021,20.544
Sulawesi Tengah,3/18/2021,21.679
Sulawesi Tengah,3/19/2021,23.098
Sulawesi Tengah,3/20/2021,24.255
Sulawesi Tengah,3/21/2021,24.632
Sulawesi Tengah,3/22/2021,26.956
Sulawesi Tengah,3/23/2021,29.386
Sulawesi Tengah,3/24/2021,31.851
Sulawesi Tengah,3/25/2021,32.484
Sulawesi Tengah,3/26/2021,33.522
Sulawesi Tengah,3/27/2021,34.012
Sulawesi Tengah,3/28/2021,34.015
Sulawesi Tengah,3/29/2021,35.36
Sulawesi Tengah,3/30/2021,36.573
Sulawesi Tengah,3/31/2021,37.596
Sulawesi Tengah,4/1/2021,38.745
Sulawesi Tengah,4/2/2021,38.782
Sulawesi Tengah,4/3/2021,39.58
Sulawesi Tengah,4/4/2021,39.625
Sulawesi Tengah,4/5/2021,40.854
Sulawesi Tengah,4/6/2021,41.781
Sulawesi Tengah,4/7/2021,42.974
Sulawesi Tengah,4/8/2021,43.911
Sulawesi Tengah,4/9/2021,44.694
Sulawesi Tengah,4/10/2021,45.667
Sulawesi Tengah,4/11/2021,45.67
Sulawesi Tengah,4/12/2021,47.088
Sulawesi Tengah,4/13/2021,47.511
Sulawesi Tengah,4/14/2021,48.004
Sulawesi Tengah,4/15/2021,48.601
Sulawesi Tengah,4/16/2021,48.99
Sulawesi Tengah,4/17/2021,49.244
Sulawesi Tengah,4/18/2021,49.275
Sulawesi Tengah,4/19/2021,49.933
Sulawesi Tengah,4/20/2021,50.542
Sulawesi Tengah,4/21/2021,51.166
Sulawesi Tengah,4/22/2021,52.003
Sulawesi Tengah,4/23/2021,52.699
Sulawesi Tengah,4/24/2021,53.078
Sulawesi Tengah,4/25/2021,53.155
Sulawesi Tenggara,1/13/2021,0
Sulawesi Tenggara,1/14/2021,0
Sulawesi Tenggara,1/15/2021,0
Sulawesi Tenggara,1/16/2021,0
Sulawesi Tenggara,1/17/2021,0
Sulawesi Tenggara,1/18/2021,0
Sulawesi Tenggara,1/19/2021,0
Sulawesi Tenggara,1/20/2021,0
Sulawesi Tenggara,1/21/2021,0
Sulawesi Tenggara,1/22/2021,0
Sulawesi Tenggara,1/23/2021,0
Sulawesi Tenggara,1/24/2021,0
Sulawesi Tenggara,1/25/2021,0
Sulawesi Tenggara,1/26/2021,0
Sulawesi Tenggara,1/27/2021,0
Sulawesi Tenggara,1/28/2021,0.047
Sulawesi Tenggara,1/29/2021,0.107
Sulawesi Tenggara,1/30/2021,0.173
Sulawesi Tenggara,1/31/2021,0.173
Sulawesi Tenggara,2/1/2021,0.387
Sulawesi Tenggara,2/2/2021,0.536
Sulawesi Tenggara,2/3/2021,0.738
Sulawesi Tenggara,2/4/2021,1.095
Sulawesi Tenggara,2/5/2021,1.371
Sulawesi Tenggara,2/6/2021,1.473
Sulawesi Tenggara,2/7/2021,1.477
Sulawesi Tenggara,2/8/2021,1.616
Sulawesi Tenggara,2/9/2021,1.795
Sulawesi Tenggara,2/10/2021,1.96
Sulawesi Tenggara,2/11/2021,2.144
Sulawesi Tenggara,2/12/2021,2.168
Sulawesi Tenggara,2/13/2021,2.274
Sulawesi Tenggara,2/14/2021,2.327
Sulawesi Tenggara,2/15/2021,2.571
Sulawesi Tenggara,2/16/2021,2.897
Sulawesi Tenggara,2/17/2021,3.723
Sulawesi Tenggara,2/18/2021,5.087
Sulawesi Tenggara,2/19/2021,6.063
Sulawesi Tenggara,2/20/2021,6.358
Sulawesi Tenggara,2/21/2021,6.37
Sulawesi Tenggara,2/22/2021,7.449
Sulawesi Tenggara,2/23/2021,8.31
Sulawesi Tenggara,2/24/2021,9.056
Sulawesi Tenggara,2/25/2021,10.039
Sulawesi Tenggara,2/26/2021,10.322
Sulawesi Tenggara,2/27/2021,10.719
Sulawesi Tenggara,2/28/2021,10.72
Sulawesi Tenggara,3/1/2021,11.831
Sulawesi Tenggara,3/2/2021,12.562
Sulawesi Tenggara,3/3/2021,13.279
Sulawesi Tenggara,3/4/2021,13.949
Sulawesi Tenggara,3/5/2021,14.603
Sulawesi Tenggara,3/6/2021,14.872
Sulawesi Tenggara,3/7/2021,14.894
Sulawesi Tenggara,3/8/2021,15.654
Sulawesi Tenggara,3/9/2021,16.159
Sulawesi Tenggara,3/10/2021,16.653
Sulawesi Tenggara,3/11/2021,16.703
Sulawesi Tenggara,3/12/2021,17.059
Sulawesi Tenggara,3/13/2021,17.206
Sulawesi Tenggara,3/14/2021,17.21
Sulawesi Tenggara,3/15/2021,17.516
Sulawesi Tenggara,3/16/2021,17.795
Sulawesi Tenggara,3/17/2021,18.346
Sulawesi Tenggara,3/18/2021,19.015
Sulawesi Tenggara,3/19/2021,19.689
Sulawesi Tenggara,3/20/2021,19.874
Sulawesi Tenggara,3/21/2021,19.877
Sulawesi Tenggara,3/22/2021,20.906
Sulawesi Tenggara,3/23/2021,22.677
Sulawesi Tenggara,3/24/2021,24.814
Sulawesi Tenggara,3/25/2021,25.084
Sulawesi Tenggara,3/26/2021,25.936
Sulawesi Tenggara,3/27/2021,26.197
Sulawesi Tenggara,3/28/2021,26.204
Sulawesi Tenggara,3/29/2021,27.312
Sulawesi Tenggara,3/30/2021,28.155
Sulawesi Tenggara,3/31/2021,28.927
Sulawesi Tenggara,4/1/2021,29.447
Sulawesi Tenggara,4/2/2021,29.556
Sulawesi Tenggara,4/3/2021,29.75
Sulawesi Tenggara,4/4/2021,29.75
Sulawesi Tenggara,4/5/2021,30.386
Sulawesi Tenggara,4/6/2021,30.952
Sulawesi Tenggara,4/7/2021,31.549
Sulawesi Tenggara,4/8/2021,32.188
Sulawesi Tenggara,4/9/2021,32.607
Sulawesi Tenggara,4/10/2021,32.812
Sulawesi Tenggara,4/11/2021,32.813
Sulawesi Tenggara,4/12/2021,33.565
Sulawesi Tenggara,4/13/2021,33.941
Sulawesi Tenggara,4/14/2021,34.349
Sulawesi Tenggara,4/15/2021,34.717
Sulawesi Tenggara,4/16/2021,34.872
Sulawesi Tenggara,4/17/2021,34.971
Sulawesi Tenggara,4/19/2021,35.529
Sulawesi Tenggara,4/20/2021,35.888
Sulawesi Tenggara,4/21/2021,36.569
Sulawesi Tenggara,4/22/2021,37.902
Sulawesi Tenggara,4/23/2021,38.461
Sulawesi Tenggara,4/24/2021,38.885
Sulawesi Tenggara,4/25/2021,38.906
Sulawesi Utara,1/13/2021,0
Sulawesi Utara,1/14/2021,0
Sulawesi Utara,1/15/2021,0
Sulawesi Utara,1/16/2021,0
Sulawesi Utara,1/18/2021,0
Sulawesi Utara,1/19/2021,0
Sulawesi Utara,1/20/2021,0
Sulawesi Utara,1/21/2021,0
Sulawesi Utara,1/22/2021,0.001
Sulawesi Utara,1/23/2021,0.001
Sulawesi Utara,1/25/2021,0.001
Sulawesi Utara,1/26/2021,0.001
Sulawesi Utara,1/27/2021,0.001
Sulawesi Utara,1/28/2021,0.083
Sulawesi Utara,1/29/2021,0.215
Sulawesi Utara,1/30/2021,0.245
Sulawesi Utara,1/31/2021,0.245
Sulawesi Utara,2/1/2021,0.511
Sulawesi Utara,2/2/2021,0.851
Sulawesi Utara,2/3/2021,1.207
Sulawesi Utara,2/4/2021,1.655
Sulawesi Utara,2/5/2021,2.13
Sulawesi Utara,2/6/2021,2.364
Sulawesi Utara,2/7/2021,2.364
Sulawesi Utara,2/8/2021,2.669
Sulawesi Utara,2/9/2021,2.917
Sulawesi Utara,2/10/2021,3.159
Sulawesi Utara,2/11/2021,3.462
Sulawesi Utara,2/12/2021,3.582
Sulawesi Utara,2/13/2021,4.107
Sulawesi Utara,2/14/2021,4.108
Sulawesi Utara,2/15/2021,4.946
Sulawesi Utara,2/16/2021,5.71
Sulawesi Utara,2/17/2021,6.908
Sulawesi Utara,2/18/2021,7.844
Sulawesi Utara,2/19/2021,10.102
Sulawesi Utara,2/20/2021,10.563
Sulawesi Utara,2/22/2021,11.641
Sulawesi Utara,2/23/2021,12.847
Sulawesi Utara,2/24/2021,14.092
Sulawesi Utara,2/25/2021,14.727
Sulawesi Utara,2/26/2021,14.842
Sulawesi Utara,2/27/2021,15.005
Sulawesi Utara,2/28/2021,15.006
Sulawesi Utara,3/1/2021,15.329
Sulawesi Utara,3/2/2021,15.652
Sulawesi Utara,3/3/2021,16.097
Sulawesi Utara,3/4/2021,16.522
Sulawesi Utara,3/5/2021,16.92
Sulawesi Utara,3/6/2021,16.996
Sulawesi Utara,3/7/2021,17.004
Sulawesi Utara,3/8/2021,17.274
Sulawesi Utara,3/9/2021,17.571
Sulawesi Utara,3/10/2021,17.982
Sulawesi Utara,3/11/2021,18.008
Sulawesi Utara,3/12/2021,18.203
Sulawesi Utara,3/13/2021,18.26
Sulawesi Utara,3/14/2021,18.262
Sulawesi Utara,3/15/2021,18.452
Sulawesi Utara,3/16/2021,18.739
Sulawesi Utara,3/17/2021,19.55
Sulawesi Utara,3/18/2021,20.736
Sulawesi Utara,3/19/2021,22.012
Sulawesi Utara,3/20/2021,22.297
Sulawesi Utara,3/21/2021,22.297
Sulawesi Utara,3/22/2021,24.405
Sulawesi Utara,3/23/2021,26.99
Sulawesi Utara,3/24/2021,30.537
Sulawesi Utara,3/25/2021,30.944
Sulawesi Utara,3/26/2021,33.153
Sulawesi Utara,3/27/2021,33.456
Sulawesi Utara,3/28/2021,33.49
Sulawesi Utara,3/29/2021,36.353
Sulawesi Utara,3/30/2021,39.746
Sulawesi Utara,3/31/2021,41.532
Sulawesi Utara,4/1/2021,42.461
Sulawesi Utara,4/2/2021,42.493
Sulawesi Utara,4/3/2021,44.366
Sulawesi Utara,4/4/2021,44.375
Sulawesi Utara,4/5/2021,45.951
Sulawesi Utara,4/6/2021,48.213
Sulawesi Utara,4/7/2021,51.4
Sulawesi Utara,4/8/2021,52.22
Sulawesi Utara,4/9/2021,55.241
Sulawesi Utara,4/10/2021,55.722
Sulawesi Utara,4/12/2021,58.55
Sulawesi Utara,4/13/2021,61.267
Sulawesi Utara,4/14/2021,65.465
Sulawesi Utara,4/15/2021,70.923
Sulawesi Utara,4/16/2021,76.125
Sulawesi Utara,4/17/2021,77.411
Sulawesi Utara,4/18/2021,77.412
Sulawesi Utara,4/19/2021,80.339
Sulawesi Utara,4/20/2021,83.198
Sulawesi Utara,4/21/2021,84.417
Sulawesi Utara,4/22/2021,85.801
Sulawesi Utara,4/23/2021,86.817
Sulawesi Utara,4/24/2021,86.976
Sulawesi Utara,4/25/2021,87.038
Sumatera Barat,1/14/2021,0
Sumatera Barat,1/15/2021,0
Sumatera Barat,1/16/2021,0
Sumatera Barat,1/17/2021,0
Sumatera Barat,1/18/2021,0
Sumatera Barat,1/19/2021,0
Sumatera Barat,1/20/2021,0
Sumatera Barat,1/21/2021,0
Sumatera Barat,1/22/2021,0
Sumatera Barat,1/23/2021,0.001
Sumatera Barat,1/25/2021,0.001
Sumatera Barat,1/26/2021,0.001
Sumatera Barat,1/27/2021,0.002
Sumatera Barat,1/28/2021,0.006
Sumatera Barat,1/29/2021,0.018
Sumatera Barat,1/30/2021,0.046
Sumatera Barat,1/31/2021,0.048
Sumatera Barat,2/1/2021,0.083
Sumatera Barat,2/2/2021,0.162
Sumatera Barat,2/3/2021,0.3
Sumatera Barat,2/4/2021,0.482
Sumatera Barat,2/5/2021,0.852
Sumatera Barat,2/6/2021,1.066
Sumatera Barat,2/7/2021,1.066
Sumatera Barat,2/8/2021,1.404
Sumatera Barat,2/9/2021,1.788
Sumatera Barat,2/10/2021,2.07
Sumatera Barat,2/11/2021,2.58
Sumatera Barat,2/12/2021,2.589
Sumatera Barat,2/13/2021,2.823
Sumatera Barat,2/14/2021,2.823
Sumatera Barat,2/15/2021,4.04
Sumatera Barat,2/16/2021,5.659
Sumatera Barat,2/17/2021,7.698
Sumatera Barat,2/18/2021,10.143
Sumatera Barat,2/19/2021,11.544
Sumatera Barat,2/20/2021,12.414
Sumatera Barat,2/21/2021,12.434
Sumatera Barat,2/22/2021,13.709
Sumatera Barat,2/23/2021,14.672
Sumatera Barat,2/24/2021,15.499
Sumatera Barat,2/25/2021,16.216
Sumatera Barat,2/26/2021,16.408
Sumatera Barat,2/27/2021,16.735
Sumatera Barat,2/28/2021,16.756
Sumatera Barat,3/1/2021,17.601
Sumatera Barat,3/2/2021,18.628
Sumatera Barat,3/3/2021,19.76
Sumatera Barat,3/4/2021,21.32
Sumatera Barat,3/5/2021,22.079
Sumatera Barat,3/6/2021,22.79
Sumatera Barat,3/7/2021,22.806
Sumatera Barat,3/8/2021,23.702
Sumatera Barat,3/9/2021,24.544
Sumatera Barat,3/10/2021,25.443
Sumatera Barat,3/11/2021,25.519
Sumatera Barat,3/12/2021,26.084
Sumatera Barat,3/13/2021,26.522
Sumatera Barat,3/14/2021,26.549
Sumatera Barat,3/15/2021,27.11
Sumatera Barat,3/16/2021,27.976
Sumatera Barat,3/17/2021,29.271
Sumatera Barat,3/18/2021,31.163
Sumatera Barat,3/19/2021,32.506
Sumatera Barat,3/20/2021,33.944
Sumatera Barat,3/21/2021,33.949
Sumatera Barat,3/22/2021,36.137
Sumatera Barat,3/23/2021,38.976
Sumatera Barat,3/24/2021,42.117
Sumatera Barat,3/25/2021,43.002
Sumatera Barat,3/26/2021,45.37
Sumatera Barat,3/27/2021,47.098
Sumatera Barat,3/28/2021,47.099
Sumatera Barat,3/29/2021,48.919
Sumatera Barat,3/30/2021,52.135
Sumatera Barat,3/31/2021,54.462
Sumatera Barat,4/1/2021,56.939
Sumatera Barat,4/2/2021,57.032
Sumatera Barat,4/3/2021,58.146
Sumatera Barat,4/4/2021,58.149
Sumatera Barat,4/5/2021,61.239
Sumatera Barat,4/6/2021,63.268
Sumatera Barat,4/7/2021,66.461
Sumatera Barat,4/8/2021,69.849
Sumatera Barat,4/9/2021,72.68
Sumatera Barat,4/10/2021,74.117
Sumatera Barat,4/11/2021,74.165
Sumatera Barat,4/12/2021,77.815
Sumatera Barat,4/13/2021,78.651
Sumatera Barat,4/14/2021,79.684
Sumatera Barat,4/15/2021,81.205
Sumatera Barat,4/16/2021,81.628
Sumatera Barat,4/17/2021,82.251
Sumatera Barat,4/18/2021,82.252
Sumatera Barat,4/19/2021,83.472
Sumatera Barat,4/20/2021,85.107
Sumatera Barat,4/21/2021,86.829
Sumatera Barat,4/22/2021,88.992
Sumatera Barat,4/23/2021,90.162
Sumatera Barat,4/24/2021,91.096
Sumatera Barat,4/25/2021,91.102
Sumatera Selatan,1/13/2021,0
Sumatera Selatan,1/14/2021,0
Sumatera Selatan,1/15/2021,0
Sumatera Selatan,1/16/2021,0
Sumatera Selatan,1/17/2021,0
Sumatera Selatan,1/18/2021,0
Sumatera Selatan,1/19/2021,0
Sumatera Selatan,1/20/2021,0
Sumatera Selatan,1/21/2021,0.002
Sumatera Selatan,1/22/2021,0.005
Sumatera Selatan,1/23/2021,0.005
Sumatera Selatan,1/24/2021,0.005
Sumatera Selatan,1/25/2021,0.006
Sumatera Selatan,1/26/2021,0.008
Sumatera Selatan,1/27/2021,0.008
Sumatera Selatan,1/28/2021,0.056
Sumatera Selatan,1/29/2021,0.144
Sumatera Selatan,1/30/2021,0.176
Sumatera Selatan,1/31/2021,0.259
Sumatera Selatan,2/1/2021,0.561
Sumatera Selatan,2/2/2021,0.944
Sumatera Selatan,2/3/2021,1.459
Sumatera Selatan,2/4/2021,2.038
Sumatera Selatan,2/5/2021,2.612
Sumatera Selatan,2/6/2021,2.76
Sumatera Selatan,2/7/2021,2.76
Sumatera Selatan,2/8/2021,3.398
Sumatera Selatan,2/9/2021,4.373
Sumatera Selatan,2/10/2021,5.803
Sumatera Selatan,2/11/2021,7.118
Sumatera Selatan,2/12/2021,7.351
Sumatera Selatan,2/13/2021,7.957
Sumatera Selatan,2/14/2021,8.104
Sumatera Selatan,2/15/2021,9.585
Sumatera Selatan,2/16/2021,12.675
Sumatera Selatan,2/17/2021,16.137
Sumatera Selatan,2/18/2021,19.696
Sumatera Selatan,2/19/2021,22.392
Sumatera Selatan,2/20/2021,23.376
Sumatera Selatan,2/21/2021,23.393
Sumatera Selatan,2/22/2021,25.416
Sumatera Selatan,2/23/2021,27.046
Sumatera Selatan,2/24/2021,28.361
Sumatera Selatan,2/25/2021,29.301
Sumatera Selatan,2/26/2021,29.499
Sumatera Selatan,2/27/2021,29.659
Sumatera Selatan,2/28/2021,29.669
Sumatera Selatan,3/1/2021,30.696
Sumatera Selatan,3/2/2021,31.556
Sumatera Selatan,3/3/2021,32.542
Sumatera Selatan,3/4/2021,33.412
Sumatera Selatan,3/5/2021,34.1
Sumatera Selatan,3/6/2021,34.409
Sumatera Selatan,3/7/2021,34.431
Sumatera Selatan,3/8/2021,35.576
Sumatera Selatan,3/9/2021,36.506
Sumatera Selatan,3/10/2021,37.332
Sumatera Selatan,3/11/2021,37.361
Sumatera Selatan,3/12/2021,37.895
Sumatera Selatan,3/13/2021,38.097
Sumatera Selatan,3/14/2021,38.104
Sumatera Selatan,3/15/2021,39.363
Sumatera Selatan,3/16/2021,41.428
Sumatera Selatan,3/17/2021,44.492
Sumatera Selatan,3/18/2021,48.697
Sumatera Selatan,3/19/2021,52.257
Sumatera Selatan,3/20/2021,53.303
Sumatera Selatan,3/21/2021,53.382
Sumatera Selatan,3/22/2021,58.753
Sumatera Selatan,3/23/2021,64.478
Sumatera Selatan,3/24/2021,71.446
Sumatera Selatan,3/25/2021,72.833
Sumatera Selatan,3/26/2021,75.73
Sumatera Selatan,3/27/2021,76.086
Sumatera Selatan,3/28/2021,76.131
Sumatera Selatan,3/29/2021,79.683
Sumatera Selatan,3/30/2021,82.477
Sumatera Selatan,3/31/2021,85.477
Sumatera Selatan,4/1/2021,88.472
Sumatera Selatan,4/2/2021,88.535
Sumatera Selatan,4/3/2021,90.549
Sumatera Selatan,4/4/2021,90.552
Sumatera Selatan,4/5/2021,95.467
Sumatera Selatan,4/6/2021,101.034
Sumatera Selatan,4/7/2021,106.532
Sumatera Selatan,4/8/2021,110.958
Sumatera Selatan,4/9/2021,114.354
Sumatera Selatan,4/10/2021,115.906
Sumatera Selatan,4/11/2021,115.915
Sumatera Selatan,4/12/2021,124.644
Sumatera Selatan,4/13/2021,128.446
Sumatera Selatan,4/14/2021,131.907
Sumatera Selatan,4/15/2021,135.647
Sumatera Selatan,4/16/2021,137.984
Sumatera Selatan,4/17/2021,138.971
Sumatera Selatan,4/18/2021,139.021
Sumatera Selatan,4/19/2021,142.918
Sumatera Selatan,4/20/2021,147.662
Sumatera Selatan,4/21/2021,153.612
Sumatera Selatan,4/22/2021,161.602
Sumatera Selatan,4/23/2021,166.402
Sumatera Selatan,4/24/2021,169.844
Sumatera Selatan,4/25/2021,169.924
Sumatera Utara,1/13/2021,0
Sumatera Utara,1/14/2021,0
Sumatera Utara,1/15/2021,0
Sumatera Utara,1/16/2021,0
Sumatera Utara,1/17/2021,0
Sumatera Utara,1/18/2021,0
Sumatera Utara,1/19/2021,0
Sumatera Utara,1/20/2021,0.002
Sumatera Utara,1/21/2021,0.004
Sumatera Utara,1/22/2021,0.013
Sumatera Utara,1/23/2021,0.02
Sumatera Utara,1/24/2021,0.02
Sumatera Utara,1/25/2021,0.026
Sumatera Utara,1/26/2021,0.03
Sumatera Utara,1/27/2021,0.033
Sumatera Utara,1/28/2021,0.109
Sumatera Utara,1/29/2021,0.282
Sumatera Utara,1/30/2021,0.358
Sumatera Utara,1/31/2021,0.359
Sumatera Utara,2/1/2021,0.635
Sumatera Utara,2/2/2021,1.151
Sumatera Utara,2/3/2021,2.157
Sumatera Utara,2/4/2021,3.301
Sumatera Utara,2/5/2021,4.512
Sumatera Utara,2/6/2021,5.126
Sumatera Utara,2/7/2021,5.168
Sumatera Utara,2/8/2021,6.297
Sumatera Utara,2/9/2021,7
Sumatera Utara,2/10/2021,7.837
Sumatera Utara,2/11/2021,8.823
Sumatera Utara,2/12/2021,8.908
Sumatera Utara,2/13/2021,9.442
Sumatera Utara,2/14/2021,9.482
Sumatera Utara,2/15/2021,11.022
Sumatera Utara,2/16/2021,12.034
Sumatera Utara,2/17/2021,13.579
Sumatera Utara,2/18/2021,16.377
Sumatera Utara,2/19/2021,19.51
Sumatera Utara,2/20/2021,22.145
Sumatera Utara,2/21/2021,22.388
Sumatera Utara,2/22/2021,26.044
Sumatera Utara,2/23/2021,30.053
Sumatera Utara,2/24/2021,34.131
Sumatera Utara,2/25/2021,38.398
Sumatera Utara,2/26/2021,39.108
Sumatera Utara,2/27/2021,40.15
Sumatera Utara,2/28/2021,40.426
Sumatera Utara,3/1/2021,43.76
Sumatera Utara,3/2/2021,47.071
Sumatera Utara,3/3/2021,50.089
Sumatera Utara,3/4/2021,52.638
Sumatera Utara,3/5/2021,54.43
Sumatera Utara,3/6/2021,55.116
Sumatera Utara,3/7/2021,55.172
Sumatera Utara,3/8/2021,57.072
Sumatera Utara,3/9/2021,58.446
Sumatera Utara,3/10/2021,60.469
Sumatera Utara,3/11/2021,60.755
Sumatera Utara,3/12/2021,61.535
Sumatera Utara,3/13/2021,62.221
Sumatera Utara,3/14/2021,62.226
Sumatera Utara,3/15/2021,63.295
Sumatera Utara,3/16/2021,64.26
Sumatera Utara,3/17/2021,66.94
Sumatera Utara,3/18/2021,70.899
Sumatera Utara,3/19/2021,75.34
Sumatera Utara,3/20/2021,76.694
Sumatera Utara,3/21/2021,76.959
Sumatera Utara,3/22/2021,81.477
Sumatera Utara,3/23/2021,86.124
Sumatera Utara,3/24/2021,92.914
Sumatera Utara,3/25/2021,94.913
Sumatera Utara,3/26/2021,98.962
Sumatera Utara,3/27/2021,101.093
Sumatera Utara,3/28/2021,101.175
Sumatera Utara,3/29/2021,104.5
Sumatera Utara,3/30/2021,108.487
Sumatera Utara,3/31/2021,112.575
Sumatera Utara,4/1/2021,116.528
Sumatera Utara,4/2/2021,117.01
Sumatera Utara,4/3/2021,120.166
Sumatera Utara,4/4/2021,120.231
Sumatera Utara,4/5/2021,127.473
Sumatera Utara,4/6/2021,134.755
Sumatera Utara,4/7/2021,142.392
Sumatera Utara,4/8/2021,146.96
Sumatera Utara,4/9/2021,154.948
Sumatera Utara,4/10/2021,158.155
Sumatera Utara,4/11/2021,158.199
Sumatera Utara,4/12/2021,167.628
Sumatera Utara,4/13/2021,173.626
Sumatera Utara,4/14/2021,179.866
Sumatera Utara,4/15/2021,187.293
Sumatera Utara,4/16/2021,193.245
Sumatera Utara,4/17/2021,195.917
Sumatera Utara,4/18/2021,196.089
Sumatera Utara,4/19/2021,203.821
Sumatera Utara,4/20/2021,212.646
Sumatera Utara,4/21/2021,222.344
Sumatera Utara,4/22/2021,232.832
Sumatera Utara,4/23/2021,238.771
Sumatera Utara,4/24/2021,241.212
Sumatera Utara,4/25/2021,241.733
Yogyakarta,1/13/2021,0
Yogyakarta,1/14/2021,0.002
Yogyakarta,1/15/2021,0.002
Yogyakarta,1/16/2021,0.003
Yogyakarta,1/18/2021,0.003
Yogyakarta,1/19/2021,0.003
Yogyakarta,1/20/2021,0.004
Yogyakarta,1/21/2021,0.004
Yogyakarta,1/22/2021,0.004
Yogyakarta,1/23/2021,0.004
Yogyakarta,1/24/2021,0.004
Yogyakarta,1/25/2021,0.004
Yogyakarta,1/26/2021,0.005
Yogyakarta,1/27/2021,0.005
Yogyakarta,1/28/2021,0.7
Yogyakarta,1/29/2021,0.994
Yogyakarta,1/30/2021,1.286
Yogyakarta,1/31/2021,1.286
Yogyakarta,2/1/2021,2.841
Yogyakarta,2/2/2021,4.223
Yogyakarta,2/3/2021,5.444
Yogyakarta,2/4/2021,6.638
Yogyakarta,2/5/2021,7.151
Yogyakarta,2/6/2021,7.755
Yogyakarta,2/7/2021,7.933
Yogyakarta,2/8/2021,9.292
Yogyakarta,2/9/2021,10.623
Yogyakarta,2/10/2021,12.258
Yogyakarta,2/11/2021,15.891
Yogyakarta,2/12/2021,15.899
Yogyakarta,2/13/2021,16.693
Yogyakarta,2/14/2021,16.694
Yogyakarta,2/15/2021,18.66
Yogyakarta,2/16/2021,21.296
Yogyakarta,2/17/2021,23.582
Yogyakarta,2/18/2021,25.738
Yogyakarta,2/19/2021,27.023
Yogyakarta,2/20/2021,28.064
Yogyakarta,2/21/2021,28.072
Yogyakarta,2/22/2021,28.888
Yogyakarta,2/23/2021,29.325
Yogyakarta,2/24/2021,29.717
Yogyakarta,2/25/2021,30.3
Yogyakarta,2/26/2021,30.323
Yogyakarta,2/27/2021,30.704
Yogyakarta,2/28/2021,30.704
Yogyakarta,3/1/2021,30.808
Yogyakarta,3/2/2021,30.974
Yogyakarta,3/3/2021,31.096
Yogyakarta,3/4/2021,31.304
Yogyakarta,3/5/2021,31.402
Yogyakarta,3/6/2021,31.974
Yogyakarta,3/7/2021,31.98
Yogyakarta,3/8/2021,32.423
Yogyakarta,3/9/2021,32.76
Yogyakarta,3/10/2021,32.93
Yogyakarta,3/11/2021,32.932
Yogyakarta,3/12/2021,33.109
Yogyakarta,3/13/2021,33.345
Yogyakarta,3/14/2021,33.345
Yogyakarta,3/15/2021,35.641
Yogyakarta,3/16/2021,38.984
Yogyakarta,3/17/2021,44.12
Yogyakarta,3/18/2021,51.635
Yogyakarta,3/19/2021,56.84
Yogyakarta,3/20/2021,62.111
Yogyakarta,3/21/2021,62.239
Yogyakarta,3/22/2021,66.256
Yogyakarta,3/23/2021,72.196
Yogyakarta,3/24/2021,79.542
Yogyakarta,3/25/2021,81.129
Yogyakarta,3/26/2021,84.031
Yogyakarta,3/27/2021,87.552
Yogyakarta,3/28/2021,87.692
Yogyakarta,3/29/2021,93.067
Yogyakarta,3/30/2021,99.563
Yogyakarta,3/31/2021,104.822
Yogyakarta,4/1/2021,111.327
Yogyakarta,4/2/2021,111.68
Yogyakarta,4/3/2021,116.291
Yogyakarta,4/4/2021,116.293
Yogyakarta,4/5/2021,121.365
Yogyakarta,4/6/2021,127.134
Yogyakarta,4/7/2021,132.935
Yogyakarta,4/8/2021,139.942
Yogyakarta,4/9/2021,144.425
Yogyakarta,4/10/2021,149.735
Yogyakarta,4/11/2021,149.853
Yogyakarta,4/12/2021,153.584
Yogyakarta,4/13/2021,156.546
Yogyakarta,4/14/2021,159.624
Yogyakarta,4/15/2021,162.872
Yogyakarta,4/16/2021,165.014
Yogyakarta,4/17/2021,167.218
Yogyakarta,4/18/2021,168.435
Yogyakarta,4/19/2021,171.745
Yogyakarta,4/20/2021,174.326
Yogyakarta,4/21/2021,177.189
Yogyakarta,4/22/2021,181.059
Yogyakarta,4/23/2021,183.289
Yogyakarta,4/24/2021,189.713
Yogyakarta,4/25/2021,191.613
